sep=,
type,sourceName,sourceVersion,productType,device,startDate,endDate,unit,value,HKExternalUUID
HKQuantityTypeIdentifierBodyMass,Renpho,1,"iPhone14,3",,2023-09-11 05:25:52 +0000,2023-09-11 05:25:52 +0000,kg,92.94999694824219,
HKQuantityTypeIdentifierBodyMass,YAZIO,1651,"iPhone14,3",,2023-09-11 05:25:52 +0000,2023-09-11 05:25:52 +0000,kg,92.94999694824219,02b76dae-bfe8-47a9-9cbe-bc755009dd1b
HKQuantityTypeIdentifierBodyMass,Renpho,1,"iPhone14,3",,2023-09-12 02:55:31 +0000,2023-09-12 02:55:31 +0000,kg,94.05000305175781,
HKQuantityTypeIdentifierBodyMass,YAZIO,1651,"iPhone14,3",,2023-09-12 02:55:31 +0000,2023-09-12 02:55:31 +0000,kg,94.05000305175781,ce209632-4a54-40b9-99f7-6540b6f976ce
HKQuantityTypeIdentifierBodyMass,Renpho,1,"iPhone14,3",,2023-09-12 03:12:20 +0000,2023-09-12 03:12:20 +0000,kg,94.25,
HKQuantityTypeIdentifierBodyMass,YAZIO,1651,"iPhone14,3",,2023-09-12 03:12:20 +0000,2023-09-12 03:12:20 +0000,kg,94.25,efa21142-8b1e-474c-8566-4876843188cf
HKQuantityTypeIdentifierBodyMass,Renpho,1,"iPhone14,3",,2023-09-16 08:27:32 +0000,2023-09-16 08:27:32 +0000,kg,93.9000015258789,
HKQuantityTypeIdentifierBodyMass,YAZIO,1651,"iPhone14,3",,2023-09-16 08:27:32 +0000,2023-09-16 08:27:32 +0000,kg,93.9000015258789,f217aa19-b67c-4701-8a76-cacbee19a362
HKQuantityTypeIdentifierBodyMass,Renpho,1,"iPhone14,3",,2023-09-17 06:58:22 +0000,2023-09-17 06:58:22 +0000,kg,93.19999694824219,
HKQuantityTypeIdentifierBodyMass,YAZIO,1651,"iPhone14,3",,2023-09-17 06:58:22 +0000,2023-09-17 06:58:22 +0000,kg,93.19999694824219,23467642-394d-4ee5-a4ff-7cbf32e38a83
HKQuantityTypeIdentifierBodyMass,Renpho,1,"iPhone14,3",,2023-09-18 05:25:48 +0000,2023-09-18 05:25:48 +0000,kg,93.6500015258789,
HKQuantityTypeIdentifierBodyMass,YAZIO,1651,"iPhone14,3",,2023-09-18 05:25:48 +0000,2023-09-18 05:25:48 +0000,kg,93.6500015258789,bbed2f16-0f2c-4d17-88de-ca33e18af535
HKQuantityTypeIdentifierBodyMass,Renpho,1,"iPhone14,3",,2023-09-19 05:17:04 +0000,2023-09-19 05:17:04 +0000,kg,94.5,
HKQuantityTypeIdentifierBodyMass,YAZIO,1651,"iPhone14,3",,2023-09-19 05:17:04 +0000,2023-09-19 05:17:04 +0000,kg,94.5,25706822-ca89-4d2a-8e6f-9a58b46ad1a1
HKQuantityTypeIdentifierBodyMass,Renpho,1,"iPhone14,3",,2023-09-20 03:29:33 +0000,2023-09-20 03:29:33 +0000,kg,94.8499984741211,
HKQuantityTypeIdentifierBodyMass,YAZIO,1651,"iPhone14,3",,2023-09-20 03:29:33 +0000,2023-09-20 03:29:33 +0000,kg,94.8499984741211,45a2baaf-3e5a-41af-9e5d-35f4a5135199
HKQuantityTypeIdentifierBodyMass,Renpho,1,"iPhone14,3",,2023-09-24 07:32:17 +0000,2023-09-24 07:32:17 +0000,kg,92.69999694824219,
HKQuantityTypeIdentifierBodyMass,YAZIO,1652,"iPhone14,3",,2023-09-24 07:32:17 +0000,2023-09-24 07:32:17 +0000,kg,92.69999694824219,9f960f20-5cd5-4497-86f5-fd783297e024
HKQuantityTypeIdentifierBodyMass,Renpho,1,"iPhone14,3",,2023-09-25 04:54:01 +0000,2023-09-25 04:54:01 +0000,kg,93.05000305175781,
HKQuantityTypeIdentifierBodyMass,YAZIO,1652,"iPhone14,3",,2023-09-25 04:54:01 +0000,2023-09-25 04:54:01 +0000,kg,93.05000305175781,08bc58e4-d4c7-4357-bd83-a4a4b1d4b25a
HKQuantityTypeIdentifierBodyMass,YAZIO,1651,"Watch4,2",,2023-09-25 04:54:01 +0000,2023-09-25 04:54:01 +0000,kg,93.05000305175781,87bf9086-f7a6-4c10-ad83-aaceed62cedc
HKQuantityTypeIdentifierBodyMass,YAZIO,1651,"Watch4,2",,2023-09-25 04:54:01 +0000,2023-09-25 04:54:01 +0000,kg,93.05000305175781,1e39ea1a-269f-465c-bcd0-dd89c2dd7920
HKQuantityTypeIdentifierBodyMass,YAZIO,1651,"Watch4,2",,2023-09-25 04:54:01 +0000,2023-09-25 04:54:01 +0000,kg,93.05000305175781,eacb7be7-c648-4dac-9c44-038d0de0a1f1
HKQuantityTypeIdentifierBodyMass,YAZIO,1651,"Watch4,2",,2023-09-25 04:54:01 +0000,2023-09-25 04:54:01 +0000,kg,93.05000305175781,8bee4626-a628-48be-ba89-5689420a675c
HKQuantityTypeIdentifierBodyMass,YAZIO,1651,"Watch4,2",,2023-09-25 04:54:01 +0000,2023-09-25 04:54:01 +0000,kg,93.05000305175781,df20d7bd-0134-49e0-80fd-559e3c7f1eec
HKQuantityTypeIdentifierBodyMass,YAZIO,1651,"Watch4,2",,2023-09-25 04:54:01 +0000,2023-09-25 04:54:01 +0000,kg,93.05000305175781,c7bbe95f-653e-495c-93db-25ac1af36345
HKQuantityTypeIdentifierBodyMass,YAZIO,1651,"Watch4,2",,2023-09-25 04:54:01 +0000,2023-09-25 04:54:01 +0000,kg,93.05000305175781,c590e7aa-67e0-4d8c-92e2-ef534b4af45b
HKQuantityTypeIdentifierBodyMass,YAZIO,1651,"Watch4,2",,2023-09-25 04:54:01 +0000,2023-09-25 04:54:01 +0000,kg,93.05000305175781,c5c679ce-17f9-4ffb-8cad-43ee3a651bd9
HKQuantityTypeIdentifierBodyMass,YAZIO,1651,"Watch4,2",,2023-09-25 04:54:01 +0000,2023-09-25 04:54:01 +0000,kg,93.05000305175781,9ef39e5a-fe51-4474-8641-c8f50d64ce34
HKQuantityTypeIdentifierBodyMass,YAZIO,1651,"Watch4,2",,2023-09-25 04:54:01 +0000,2023-09-25 04:54:01 +0000,kg,93.05000305175781,5ab088a0-e4a8-4c7b-90d4-ba28b218dd1d
HKQuantityTypeIdentifierBodyMass,YAZIO,1651,"Watch4,2",,2023-09-25 04:54:01 +0000,2023-09-25 04:54:01 +0000,kg,93.05000305175781,497b0762-409e-4ab4-805c-bfd7d207957e
HKQuantityTypeIdentifierBodyMass,YAZIO,1651,"Watch4,2",,2023-09-25 04:54:01 +0000,2023-09-25 04:54:01 +0000,kg,93.05000305175781,ea9b25e7-5dfb-4f14-ae7f-9d6ef54e5d56
HKQuantityTypeIdentifierBodyMass,YAZIO,1651,"Watch4,2",,2023-09-25 04:54:01 +0000,2023-09-25 04:54:01 +0000,kg,93.05000305175781,f68db1a3-d8f3-4598-bd6e-67709afc3b56
HKQuantityTypeIdentifierBodyMass,YAZIO,1651,"Watch4,2",,2023-09-25 04:54:01 +0000,2023-09-25 04:54:01 +0000,kg,93.05000305175781,58da117e-93aa-4473-8ce3-244286df412b
HKQuantityTypeIdentifierBodyMass,YAZIO,1651,"Watch4,2",,2023-09-25 04:54:01 +0000,2023-09-25 04:54:01 +0000,kg,93.05000305175781,7021c7ab-62fc-4145-8991-d100a631fc4e
HKQuantityTypeIdentifierBodyMass,YAZIO,1651,"Watch4,2",,2023-09-25 04:54:01 +0000,2023-09-25 04:54:01 +0000,kg,93.05000305175781,b62e3682-3038-43be-a0da-0c411a9d44c9
HKQuantityTypeIdentifierBodyMass,YAZIO,1651,"Watch4,2",,2023-09-25 04:54:01 +0000,2023-09-25 04:54:01 +0000,kg,93.05000305175781,8a13c6c4-a49f-481e-b991-8428f811ef37
HKQuantityTypeIdentifierBodyMass,YAZIO,1651,"Watch4,2",,2023-09-25 04:54:01 +0000,2023-09-25 04:54:01 +0000,kg,93.05000305175781,1826f10d-cb86-4db7-ab8c-ca3abc0edcd1
HKQuantityTypeIdentifierBodyMass,YAZIO,1651,"Watch4,2",,2023-09-25 04:54:01 +0000,2023-09-25 04:54:01 +0000,kg,93.05000305175781,ce927287-1d27-455f-acb8-947c350b0d3e
HKQuantityTypeIdentifierBodyMass,YAZIO,1651,"Watch4,2",,2023-09-25 04:54:01 +0000,2023-09-25 04:54:01 +0000,kg,93.05000305175781,73ebc733-9177-48ae-902f-7c5e2acca5d9
HKQuantityTypeIdentifierBodyMass,YAZIO,1651,"Watch4,2",,2023-09-25 04:54:01 +0000,2023-09-25 04:54:01 +0000,kg,93.05000305175781,9eb5668c-0e3b-49e9-b5b2-8e88f90ae3a7
HKQuantityTypeIdentifierBodyMass,YAZIO,1651,"Watch4,2",,2023-09-25 04:54:01 +0000,2023-09-25 04:54:01 +0000,kg,93.05000305175781,e9c97171-38c9-4dae-8d81-6cb0201d447b
HKQuantityTypeIdentifierBodyMass,YAZIO,1651,"Watch4,2",,2023-09-25 04:54:01 +0000,2023-09-25 04:54:01 +0000,kg,93.05000305175781,668d717b-9741-4774-9cc3-03d3813867ef
HKQuantityTypeIdentifierBodyMass,YAZIO,1651,"Watch4,2",,2023-09-25 04:54:01 +0000,2023-09-25 04:54:01 +0000,kg,93.05000305175781,897c3921-8b0b-4099-8562-b8b2f9c64b2a
HKQuantityTypeIdentifierBodyMass,YAZIO,1651,"Watch4,2",,2023-09-25 04:54:01 +0000,2023-09-25 04:54:01 +0000,kg,93.05000305175781,706896f7-511f-449e-a06d-f1d73eede4d2
HKQuantityTypeIdentifierBodyMass,YAZIO,1651,"Watch4,2",,2023-09-25 04:54:01 +0000,2023-09-25 04:54:01 +0000,kg,93.05000305175781,37cbe701-bc26-4f3e-bf23-62653f69ade3
HKQuantityTypeIdentifierBodyMass,YAZIO,1651,"Watch4,2",,2023-09-25 04:54:01 +0000,2023-09-25 04:54:01 +0000,kg,93.05000305175781,63f6696e-09ac-41f2-a203-a579faf364e6
HKQuantityTypeIdentifierBodyMass,YAZIO,1651,"Watch4,2",,2023-09-25 04:54:01 +0000,2023-09-25 04:54:01 +0000,kg,93.05000305175781,06683b2f-28cf-4f07-acd2-27166ee523ad
HKQuantityTypeIdentifierBodyMass,YAZIO,1651,"Watch4,2",,2023-09-25 04:54:01 +0000,2023-09-25 04:54:01 +0000,kg,93.05000305175781,6c0ce174-2bb5-46c9-baf6-cdebf8b3184a
HKQuantityTypeIdentifierBodyMass,YAZIO,1651,"Watch4,2",,2023-09-25 04:54:01 +0000,2023-09-25 04:54:01 +0000,kg,93.05000305175781,7df235c6-ef69-4e16-a48f-5ca97c593e77
HKQuantityTypeIdentifierBodyMass,YAZIO,1651,"Watch4,2",,2023-09-25 04:54:01 +0000,2023-09-25 04:54:01 +0000,kg,93.05000305175781,e0baef40-efd2-42de-bb0a-13d08fef6e08
HKQuantityTypeIdentifierBodyMass,YAZIO,1651,"Watch4,2",,2023-09-25 04:54:01 +0000,2023-09-25 04:54:01 +0000,kg,93.05000305175781,fa1a1a29-f71d-4218-9a35-492d2456f223
HKQuantityTypeIdentifierBodyMass,Renpho,1,"iPhone14,3",,2023-09-28 05:21:04 +0000,2023-09-28 05:21:04 +0000,kg,93.9000015258789,
HKQuantityTypeIdentifierBodyMass,YAZIO,1657,"iPhone14,3",,2023-09-28 05:21:04 +0000,2023-09-28 05:21:04 +0000,kg,93.9000015258789,76dd184d-b671-4e71-96b3-d459be3f3be3
HKQuantityTypeIdentifierBodyMass,YAZIO,1654,"Watch4,2",,2023-09-28 05:21:04 +0000,2023-09-28 05:21:04 +0000,kg,93.9000015258789,520d7caf-332f-48bf-b5a5-12a8ffe2cb5a
HKQuantityTypeIdentifierBodyMass,YAZIO,1654,"Watch4,2",,2023-09-28 05:21:04 +0000,2023-09-28 05:21:04 +0000,kg,93.9000015258789,a5185f09-8a97-4da0-9aa4-e58d216be997
HKQuantityTypeIdentifierBodyMass,YAZIO,1654,"Watch4,2",,2023-09-28 05:21:04 +0000,2023-09-28 05:21:04 +0000,kg,93.9000015258789,3ab0acab-55f4-4c7a-b718-ef076d5717f3
HKQuantityTypeIdentifierBodyMass,YAZIO,1654,"Watch4,2",,2023-09-28 05:21:04 +0000,2023-09-28 05:21:04 +0000,kg,93.9000015258789,aeb5695e-2655-49a9-bab3-f7e775234f11
HKQuantityTypeIdentifierBodyMass,YAZIO,1654,"Watch4,2",,2023-09-28 05:21:04 +0000,2023-09-28 05:21:04 +0000,kg,93.9000015258789,7cb12f95-83e9-4ff0-880b-c7c4352a40df
HKQuantityTypeIdentifierBodyMass,YAZIO,1654,"Watch4,2",,2023-09-28 05:21:04 +0000,2023-09-28 05:21:04 +0000,kg,93.9000015258789,61a94d8b-370b-4d4d-aeb9-548477578a40
HKQuantityTypeIdentifierBodyMass,YAZIO,1654,"Watch4,2",,2023-09-28 05:21:04 +0000,2023-09-28 05:21:04 +0000,kg,93.9000015258789,983e78fc-f49f-4c8d-a4a2-0a99201a8adc
HKQuantityTypeIdentifierBodyMass,YAZIO,1654,"Watch4,2",,2023-09-28 05:21:04 +0000,2023-09-28 05:21:04 +0000,kg,93.9000015258789,7fac083c-a23a-4aad-92e7-628117ca281e
HKQuantityTypeIdentifierBodyMass,YAZIO,1654,"Watch4,2",,2023-09-28 05:21:04 +0000,2023-09-28 05:21:04 +0000,kg,93.9000015258789,10a10242-df36-4f2c-9aa2-c2a71aaab2fa
HKQuantityTypeIdentifierBodyMass,YAZIO,1654,"Watch4,2",,2023-09-28 05:21:04 +0000,2023-09-28 05:21:04 +0000,kg,93.9000015258789,f5bf55c1-04b3-43de-95f9-37aaffc55fce
HKQuantityTypeIdentifierBodyMass,YAZIO,1654,"Watch4,2",,2023-09-28 05:21:04 +0000,2023-09-28 05:21:04 +0000,kg,93.9000015258789,549a163b-6b65-45d1-ae8c-1abb290927f0
HKQuantityTypeIdentifierBodyMass,YAZIO,1654,"Watch4,2",,2023-09-28 05:21:04 +0000,2023-09-28 05:21:04 +0000,kg,93.9000015258789,3ea68f88-85ec-485f-a238-16eadc2245f4
HKQuantityTypeIdentifierBodyMass,YAZIO,1654,"Watch4,2",,2023-09-28 05:21:04 +0000,2023-09-28 05:21:04 +0000,kg,93.9000015258789,a1fa0615-c748-42e3-ba17-b06a39636bbd
HKQuantityTypeIdentifierBodyMass,YAZIO,1654,"Watch4,2",,2023-09-28 05:21:04 +0000,2023-09-28 05:21:04 +0000,kg,93.9000015258789,b2ff064d-1a7d-4e63-9c83-acb530f9159b
HKQuantityTypeIdentifierBodyMass,YAZIO,1654,"Watch4,2",,2023-09-28 05:21:04 +0000,2023-09-28 05:21:04 +0000,kg,93.9000015258789,f9976744-515c-4f85-9cbf-92b4dda2d4dc
HKQuantityTypeIdentifierBodyMass,Renpho,1,"iPhone14,3",,2023-09-29 05:16:27 +0000,2023-09-29 05:16:27 +0000,kg,94.6500015258789,
HKQuantityTypeIdentifierBodyMass,YAZIO,1654,"Watch4,2",,2023-09-29 05:16:27 +0000,2023-09-29 05:16:27 +0000,kg,94.6500015258789,b5d5fd14-1daf-4680-81b7-c6fbbc5ee4b9
HKQuantityTypeIdentifierBodyMass,YAZIO,1654,"Watch4,2",,2023-09-29 05:16:27 +0000,2023-09-29 05:16:27 +0000,kg,94.6500015258789,d5b89840-2637-4cf9-ab8e-76f365694e3e
HKQuantityTypeIdentifierBodyMass,YAZIO,1654,"Watch4,2",,2023-09-29 05:16:27 +0000,2023-09-29 05:16:27 +0000,kg,94.6500015258789,e4917483-d980-42bf-a4be-e3157ce4d2b8
HKQuantityTypeIdentifierBodyMass,YAZIO,1654,"Watch4,2",,2023-09-29 05:16:27 +0000,2023-09-29 05:16:27 +0000,kg,94.6500015258789,fbaf37c9-4c4e-4707-bbb1-cf37e610c285
HKQuantityTypeIdentifierBodyMass,YAZIO,1654,"Watch4,2",,2023-09-29 05:16:27 +0000,2023-09-29 05:16:27 +0000,kg,94.6500015258789,d2bc82e8-3c53-41d5-9d3d-1d42bbff3ca7
HKQuantityTypeIdentifierBodyMass,YAZIO,1654,"Watch4,2",,2023-09-29 05:16:27 +0000,2023-09-29 05:16:27 +0000,kg,94.6500015258789,2bb9d681-356b-49d4-acb8-9fd7b4d82fbb
HKQuantityTypeIdentifierBodyMass,YAZIO,1654,"Watch4,2",,2023-09-29 05:16:27 +0000,2023-09-29 05:16:27 +0000,kg,94.6500015258789,9ac76c0c-d44e-4844-9bab-c4a448d78947
HKQuantityTypeIdentifierBodyMass,YAZIO,1654,"Watch4,2",,2023-09-29 05:16:27 +0000,2023-09-29 05:16:27 +0000,kg,94.6500015258789,e0d4baa5-b705-421e-9d9e-8a6bb5c1bbe4
HKQuantityTypeIdentifierBodyMass,YAZIO,1654,"Watch4,2",,2023-09-29 05:16:27 +0000,2023-09-29 05:16:27 +0000,kg,94.6500015258789,ba46b6e1-91aa-49e9-ba11-51af4ab02b65
HKQuantityTypeIdentifierBodyMass,YAZIO,1654,"Watch4,2",,2023-09-29 05:16:27 +0000,2023-09-29 05:16:27 +0000,kg,94.6500015258789,502ee3d2-1af3-41b6-a70b-5cbc4e0e9b59
HKQuantityTypeIdentifierBodyMass,YAZIO,1654,"Watch4,2",,2023-09-29 05:16:27 +0000,2023-09-29 05:16:27 +0000,kg,94.6500015258789,00d5c9b1-7b99-4ec4-b156-057323185651
HKQuantityTypeIdentifierBodyMass,YAZIO,1654,"Watch4,2",,2023-09-29 05:16:27 +0000,2023-09-29 05:16:27 +0000,kg,94.6500015258789,95d65ad2-b13f-45b8-8198-e77b3242f37e
HKQuantityTypeIdentifierBodyMass,YAZIO,1654,"Watch4,2",,2023-09-29 05:16:27 +0000,2023-09-29 05:16:27 +0000,kg,94.6500015258789,99d30005-bce2-4a5c-b052-43d23fa98de5
HKQuantityTypeIdentifierBodyMass,YAZIO,1654,"Watch4,2",,2023-09-29 05:16:27 +0000,2023-09-29 05:16:27 +0000,kg,94.6500015258789,d50df5f5-3901-4545-8578-7d3f0b30402f
HKQuantityTypeIdentifierBodyMass,YAZIO,1654,"Watch4,2",,2023-09-29 05:16:27 +0000,2023-09-29 05:16:27 +0000,kg,94.6500015258789,8d5c577b-3e34-40f1-aaa5-8b688482b359
HKQuantityTypeIdentifierBodyMass,YAZIO,1654,"Watch4,2",,2023-09-29 05:16:27 +0000,2023-09-29 05:16:27 +0000,kg,94.6500015258789,39eb1a21-af1b-4617-9760-8dc6f2e71b82
HKQuantityTypeIdentifierBodyMass,YAZIO,1654,"Watch4,2",,2023-09-29 05:16:27 +0000,2023-09-29 05:16:27 +0000,kg,94.6500015258789,a4c50e5e-d7a6-4246-8cc1-020897e089d5
HKQuantityTypeIdentifierBodyMass,YAZIO,1654,"Watch4,2",,2023-09-29 05:16:27 +0000,2023-09-29 05:16:27 +0000,kg,94.6500015258789,74ded98f-548c-42b6-bc64-ad6ba3e8fc22
HKQuantityTypeIdentifierBodyMass,YAZIO,1654,"Watch4,2",,2023-09-29 05:16:27 +0000,2023-09-29 05:16:27 +0000,kg,94.6500015258789,2e2e21b6-5777-4a42-b902-bb1ef915fe65
HKQuantityTypeIdentifierBodyMass,YAZIO,1654,"Watch4,2",,2023-09-29 05:16:27 +0000,2023-09-29 05:16:27 +0000,kg,94.6500015258789,92ec71eb-a0c3-413c-a896-46465a56f097
HKQuantityTypeIdentifierBodyMass,YAZIO,1654,"Watch4,2",,2023-09-29 05:16:27 +0000,2023-09-29 05:16:27 +0000,kg,94.6500015258789,2a75cccc-a643-4b6e-b57f-8de94c307d0a
HKQuantityTypeIdentifierBodyMass,YAZIO,1654,"Watch4,2",,2023-09-29 05:16:27 +0000,2023-09-29 05:16:27 +0000,kg,94.6500015258789,8fda052f-c6a5-49c4-b702-71ab76f0949f
HKQuantityTypeIdentifierBodyMass,YAZIO,1654,"Watch4,2",,2023-09-29 05:16:27 +0000,2023-09-29 05:16:27 +0000,kg,94.6500015258789,aced42a9-8c52-4cde-a2e4-ddba95350e42
HKQuantityTypeIdentifierBodyMass,Renpho,1,"iPhone14,3",,2023-09-30 07:36:05 +0000,2023-09-30 07:36:05 +0000,kg,94.3499984741211,
HKQuantityTypeIdentifierBodyMass,YAZIO,1657,"iPhone14,3",,2023-09-30 07:36:05 +0000,2023-09-30 07:36:05 +0000,kg,94.3499984741211,ad77ebfa-faab-49f8-898d-424c8421f138
HKQuantityTypeIdentifierBodyMass,YAZIO,1654,"Watch4,2",,2023-09-30 07:36:05 +0000,2023-09-30 07:36:05 +0000,kg,94.3499984741211,6a907097-cacd-491e-9243-baa8a16b43ef
HKQuantityTypeIdentifierBodyMass,YAZIO,1654,"Watch4,2",,2023-09-30 07:36:05 +0000,2023-09-30 07:36:05 +0000,kg,94.3499984741211,d0c0f0bc-5647-4eaa-91c3-8fc8d4ce7be8
HKQuantityTypeIdentifierBodyMass,YAZIO,1654,"Watch4,2",,2023-09-30 07:36:05 +0000,2023-09-30 07:36:05 +0000,kg,94.3499984741211,fcc118f8-fa13-4dd5-881c-4a224deca4e9
HKQuantityTypeIdentifierBodyMass,YAZIO,1654,"Watch4,2",,2023-09-30 07:36:05 +0000,2023-09-30 07:36:05 +0000,kg,94.3499984741211,bddbe38a-42d4-43c1-9ff4-c9d0d18e0d5b
HKQuantityTypeIdentifierBodyMass,YAZIO,1654,"Watch4,2",,2023-09-30 07:36:05 +0000,2023-09-30 07:36:05 +0000,kg,94.3499984741211,df6a55e6-161e-40ca-8ba9-ca05fa75d3c7
HKQuantityTypeIdentifierBodyMass,YAZIO,1654,"Watch4,2",,2023-09-30 07:36:05 +0000,2023-09-30 07:36:05 +0000,kg,94.3499984741211,b00e6291-0fe2-41c7-be45-6f26f3618153
HKQuantityTypeIdentifierBodyMass,YAZIO,1654,"Watch4,2",,2023-09-30 07:36:05 +0000,2023-09-30 07:36:05 +0000,kg,94.3499984741211,56d512b8-25cb-4465-a077-d1f2d323c976
HKQuantityTypeIdentifierBodyMass,YAZIO,1654,"Watch4,2",,2023-09-30 07:36:05 +0000,2023-09-30 07:36:05 +0000,kg,94.3499984741211,be6ee310-1df1-46a6-9b4b-b13b8a924e2f
HKQuantityTypeIdentifierBodyMass,YAZIO,1654,"Watch4,2",,2023-09-30 07:36:05 +0000,2023-09-30 07:36:05 +0000,kg,94.3499984741211,098e0888-11c1-4e0b-a2ba-4d10862b0b27
HKQuantityTypeIdentifierBodyMass,YAZIO,1654,"Watch4,2",,2023-09-30 07:36:05 +0000,2023-09-30 07:36:05 +0000,kg,94.3499984741211,5eb4e6d7-ad66-40aa-92e8-87ee59e9db3d
HKQuantityTypeIdentifierBodyMass,YAZIO,1654,"Watch4,2",,2023-09-30 07:36:05 +0000,2023-09-30 07:36:05 +0000,kg,94.3499984741211,feb9e087-5876-4838-89a4-23a60baea174
HKQuantityTypeIdentifierBodyMass,YAZIO,1654,"Watch4,2",,2023-09-30 07:36:05 +0000,2023-09-30 07:36:05 +0000,kg,94.3499984741211,2e215fcd-cbb2-4cf3-bc58-19b4e698e8d0
HKQuantityTypeIdentifierBodyMass,YAZIO,1654,"Watch4,2",,2023-09-30 07:36:05 +0000,2023-09-30 07:36:05 +0000,kg,94.3499984741211,e98f184c-b460-48bb-83c8-a7763b78dab7
HKQuantityTypeIdentifierBodyMass,YAZIO,1654,"Watch4,2",,2023-09-30 07:36:05 +0000,2023-09-30 07:36:05 +0000,kg,94.3499984741211,8e07407e-8913-4ff7-848a-d6652491df83
HKQuantityTypeIdentifierBodyMass,YAZIO,1654,"Watch4,2",,2023-09-30 07:36:05 +0000,2023-09-30 07:36:05 +0000,kg,94.3499984741211,9051b5d8-f7ff-41c0-9055-9ebfd5f2de69
HKQuantityTypeIdentifierBodyMass,YAZIO,1654,"Watch4,2",,2023-09-30 07:36:05 +0000,2023-09-30 07:36:05 +0000,kg,94.3499984741211,79ec1d28-0733-4395-af10-9f2d9d227b77
HKQuantityTypeIdentifierBodyMass,YAZIO,1654,"Watch4,2",,2023-09-30 07:36:05 +0000,2023-09-30 07:36:05 +0000,kg,94.3499984741211,ecc29edf-47bc-4761-ba36-ee5cd78bbff9
HKQuantityTypeIdentifierBodyMass,YAZIO,1654,"Watch4,2",,2023-09-30 07:36:05 +0000,2023-09-30 07:36:05 +0000,kg,94.3499984741211,428c1994-c23e-4a87-a6c2-187825064a35
HKQuantityTypeIdentifierBodyMass,YAZIO,1654,"Watch4,2",,2023-09-30 07:36:05 +0000,2023-09-30 07:36:05 +0000,kg,94.3499984741211,298029f3-1844-4d75-afcf-de33543a7e50
HKQuantityTypeIdentifierBodyMass,YAZIO,1654,"Watch4,2",,2023-09-30 07:36:05 +0000,2023-09-30 07:36:05 +0000,kg,94.3499984741211,750b30af-ec56-4bf1-bbd9-286ea6363b9d
HKQuantityTypeIdentifierBodyMass,YAZIO,1654,"Watch4,2",,2023-09-30 07:36:05 +0000,2023-09-30 07:36:05 +0000,kg,94.3499984741211,f73b4b84-f179-4b3c-8446-2bcd6927facb
HKQuantityTypeIdentifierBodyMass,YAZIO,1654,"Watch4,2",,2023-09-30 07:36:05 +0000,2023-09-30 07:36:05 +0000,kg,94.3499984741211,ec802db2-58c2-4745-977a-a6fb01fbb122
HKQuantityTypeIdentifierBodyMass,YAZIO,1654,"Watch4,2",,2023-09-30 07:36:05 +0000,2023-09-30 07:36:05 +0000,kg,94.3499984741211,574d2001-e458-4d5b-b25c-7ed2c0e58499
HKQuantityTypeIdentifierBodyMass,YAZIO,1654,"Watch4,2",,2023-09-30 07:36:05 +0000,2023-09-30 07:36:05 +0000,kg,94.3499984741211,c8c0198b-bf14-4199-8a18-e36e46be53a1
HKQuantityTypeIdentifierBodyMass,YAZIO,1654,"Watch4,2",,2023-09-30 07:36:05 +0000,2023-09-30 07:36:05 +0000,kg,94.3499984741211,9419fba9-d20d-479d-bcb0-32f0e00038b7
HKQuantityTypeIdentifierBodyMass,YAZIO,1654,"Watch4,2",,2023-09-30 07:36:05 +0000,2023-09-30 07:36:05 +0000,kg,94.3499984741211,fa38c0ac-b033-4ed9-b2c5-b34a720235c0
HKQuantityTypeIdentifierBodyMass,YAZIO,1654,"Watch4,2",,2023-09-30 07:36:05 +0000,2023-09-30 07:36:05 +0000,kg,94.3499984741211,e60e8239-08f7-4775-b422-b155855dfb1c
HKQuantityTypeIdentifierBodyMass,YAZIO,1654,"Watch4,2",,2023-09-30 07:36:05 +0000,2023-09-30 07:36:05 +0000,kg,94.3499984741211,0214e2e9-5696-4183-a8e3-7d608c03bed7
HKQuantityTypeIdentifierBodyMass,YAZIO,1654,"Watch4,2",,2023-09-30 07:36:05 +0000,2023-09-30 07:36:05 +0000,kg,94.3499984741211,b135153a-f32d-4553-8dcf-62e8b3b1761a
HKQuantityTypeIdentifierBodyMass,YAZIO,1654,"Watch4,2",,2023-09-30 07:36:05 +0000,2023-09-30 07:36:05 +0000,kg,94.3499984741211,a4223f17-36be-40d5-8275-1c30b1872d4a
HKQuantityTypeIdentifierBodyMass,YAZIO,1654,"Watch4,2",,2023-09-30 07:36:05 +0000,2023-09-30 07:36:05 +0000,kg,94.3499984741211,aba53cc2-09db-4fdc-b5c6-28078175c811
HKQuantityTypeIdentifierBodyMass,YAZIO,1654,"Watch4,2",,2023-09-30 07:36:05 +0000,2023-09-30 07:36:05 +0000,kg,94.3499984741211,050f0da7-0dd5-4fc5-be6f-f1cfa118133a
HKQuantityTypeIdentifierBodyMass,YAZIO,1654,"Watch4,2",,2023-09-30 07:36:05 +0000,2023-09-30 07:36:05 +0000,kg,94.3499984741211,2006e15d-c64f-45fb-8b44-57b874aaff17
HKQuantityTypeIdentifierBodyMass,YAZIO,1654,"Watch4,2",,2023-09-30 07:36:05 +0000,2023-09-30 07:36:05 +0000,kg,94.3499984741211,be9673db-e486-42ba-99fc-74f2b8f54e4c
HKQuantityTypeIdentifierBodyMass,YAZIO,1654,"Watch4,2",,2023-09-30 07:36:05 +0000,2023-09-30 07:36:05 +0000,kg,94.3499984741211,09fb0aa4-9646-4ff8-bb0e-e012a33f5bda
HKQuantityTypeIdentifierBodyMass,YAZIO,1654,"Watch4,2",,2023-09-30 07:36:05 +0000,2023-09-30 07:36:05 +0000,kg,94.3499984741211,c1bcbe23-e517-4826-86c9-66064e0ed4d6
HKQuantityTypeIdentifierBodyMass,YAZIO,1654,"Watch4,2",,2023-09-30 07:36:05 +0000,2023-09-30 07:36:05 +0000,kg,94.3499984741211,08026c77-74d5-484b-a741-090f9bd55a3a
HKQuantityTypeIdentifierBodyMass,YAZIO,1654,"Watch4,2",,2023-09-30 07:36:05 +0000,2023-09-30 07:36:05 +0000,kg,94.3499984741211,6480c128-81cb-4e01-8f1e-6e1b6dc1cd64
HKQuantityTypeIdentifierBodyMass,YAZIO,1654,"Watch4,2",,2023-09-30 07:36:05 +0000,2023-09-30 07:36:05 +0000,kg,94.3499984741211,0d8c6a72-2a5b-4c87-bda5-2e710ffc18bd
HKQuantityTypeIdentifierBodyMass,YAZIO,1654,"Watch4,2",,2023-09-30 07:36:05 +0000,2023-09-30 07:36:05 +0000,kg,94.3499984741211,8df50857-d4b8-4bf6-b501-8c949183c9cd
HKQuantityTypeIdentifierBodyMass,YAZIO,1654,"Watch4,2",,2023-09-30 07:36:05 +0000,2023-09-30 07:36:05 +0000,kg,94.3499984741211,76cc9842-dcfe-4ed5-99b0-964a5ffd5fa9
HKQuantityTypeIdentifierBodyMass,YAZIO,1654,"Watch4,2",,2023-09-30 07:36:05 +0000,2023-09-30 07:36:05 +0000,kg,94.3499984741211,9460b09c-c4bf-4034-a7a4-2eda3d651870
HKQuantityTypeIdentifierBodyMass,YAZIO,1654,"Watch4,2",,2023-09-30 07:36:05 +0000,2023-09-30 07:36:05 +0000,kg,94.3499984741211,b46dae0e-5b2a-47d9-9aaa-200aee6dc5f4
HKQuantityTypeIdentifierBodyMass,YAZIO,1654,"Watch4,2",,2023-09-30 07:36:05 +0000,2023-09-30 07:36:05 +0000,kg,94.3499984741211,f8ba40f2-0f4e-4541-9bfe-bcd273113010
HKQuantityTypeIdentifierBodyMass,YAZIO,1654,"Watch4,2",,2023-09-30 07:36:05 +0000,2023-09-30 07:36:05 +0000,kg,94.3499984741211,35c167d0-22a3-4b47-bf3a-d0b9283b1b7d
HKQuantityTypeIdentifierBodyMass,YAZIO,1654,"Watch4,2",,2023-09-30 07:36:05 +0000,2023-09-30 07:36:05 +0000,kg,94.3499984741211,7f893025-e0e2-4fb7-b872-fccd2d7cc934
HKQuantityTypeIdentifierBodyMass,YAZIO,1654,"Watch4,2",,2023-09-30 07:36:05 +0000,2023-09-30 07:36:05 +0000,kg,94.3499984741211,83eef421-0ea7-4876-a09d-4c250d66aab1
HKQuantityTypeIdentifierBodyMass,YAZIO,1654,"Watch4,2",,2023-09-30 07:36:05 +0000,2023-09-30 07:36:05 +0000,kg,94.3499984741211,b56057e2-32da-4605-886d-54b23b6e9a3a
HKQuantityTypeIdentifierBodyMass,YAZIO,1654,"Watch4,2",,2023-09-30 07:36:05 +0000,2023-09-30 07:36:05 +0000,kg,94.3499984741211,40c95095-d001-45de-b8fe-f0c2add2a377
HKQuantityTypeIdentifierBodyMass,YAZIO,1654,"Watch4,2",,2023-09-30 07:36:05 +0000,2023-09-30 07:36:05 +0000,kg,94.3499984741211,46066ead-34c4-4a5e-8e7b-768de61cbd7b
HKQuantityTypeIdentifierBodyMass,YAZIO,1654,"Watch4,2",,2023-09-30 07:36:05 +0000,2023-09-30 07:36:05 +0000,kg,94.3499984741211,c5d45980-7773-4ca9-9753-7223af9d7f0b
HKQuantityTypeIdentifierBodyMass,YAZIO,1654,"Watch4,2",,2023-09-30 07:36:05 +0000,2023-09-30 07:36:05 +0000,kg,94.3499984741211,0030770b-8352-4e65-be71-0aead586b75c
HKQuantityTypeIdentifierBodyMass,YAZIO,1654,"Watch4,2",,2023-09-30 07:36:05 +0000,2023-09-30 07:36:05 +0000,kg,94.3499984741211,79323714-a59c-442f-a533-9ea49cf074f2
HKQuantityTypeIdentifierBodyMass,YAZIO,1654,"Watch4,2",,2023-09-30 07:36:05 +0000,2023-09-30 07:36:05 +0000,kg,94.3499984741211,78d551fe-847c-4ff6-a022-cae7b8255deb
HKQuantityTypeIdentifierBodyMass,YAZIO,1654,"Watch4,2",,2023-09-30 07:36:05 +0000,2023-09-30 07:36:05 +0000,kg,94.3499984741211,edcae374-af75-4648-8ff0-3cbecd27f6db
HKQuantityTypeIdentifierBodyMass,YAZIO,1654,"Watch4,2",,2023-09-30 07:36:05 +0000,2023-09-30 07:36:05 +0000,kg,94.3499984741211,0e05483e-e91f-4bc9-aa66-b3e284b18778
HKQuantityTypeIdentifierBodyMass,YAZIO,1654,"Watch4,2",,2023-09-30 07:36:05 +0000,2023-09-30 07:36:05 +0000,kg,94.3499984741211,e7ad1a77-9a66-4ec4-be03-df3f45f35993
HKQuantityTypeIdentifierBodyMass,YAZIO,1654,"Watch4,2",,2023-09-30 07:36:05 +0000,2023-09-30 07:36:05 +0000,kg,94.3499984741211,67f6dc10-1e5d-43f9-aaa9-a074dd5ef384
HKQuantityTypeIdentifierBodyMass,YAZIO,1654,"Watch4,2",,2023-09-30 07:36:05 +0000,2023-09-30 07:36:05 +0000,kg,94.3499984741211,ebf839b3-3c46-4919-a158-1c1d5f847e57
HKQuantityTypeIdentifierBodyMass,YAZIO,1654,"Watch4,2",,2023-09-30 07:36:05 +0000,2023-09-30 07:36:05 +0000,kg,94.3499984741211,31fb65d3-b9e2-4150-96e9-f802a2384597
HKQuantityTypeIdentifierBodyMass,YAZIO,1654,"Watch4,2",,2023-09-30 07:36:05 +0000,2023-09-30 07:36:05 +0000,kg,94.3499984741211,53cbce04-a84e-4a6e-80ed-3956d9ea3fe1
HKQuantityTypeIdentifierBodyMass,YAZIO,1654,"Watch4,2",,2023-09-30 07:36:05 +0000,2023-09-30 07:36:05 +0000,kg,94.3499984741211,5d568d28-a20c-43ee-bb26-fdcf5dd5be2e
HKQuantityTypeIdentifierBodyMass,YAZIO,1654,"Watch4,2",,2023-09-30 07:36:05 +0000,2023-09-30 07:36:05 +0000,kg,94.3499984741211,16ce094a-d089-4f0c-862e-705191dc74fe
HKQuantityTypeIdentifierBodyMass,YAZIO,1654,"Watch4,2",,2023-09-30 07:36:05 +0000,2023-09-30 07:36:05 +0000,kg,94.3499984741211,cc8dd40b-ed7e-4614-b94b-40fef2c0ccff
HKQuantityTypeIdentifierBodyMass,YAZIO,1654,"Watch4,2",,2023-09-30 07:36:05 +0000,2023-09-30 07:36:05 +0000,kg,94.3499984741211,c1958246-fba6-400c-bc92-18246e8d49b6
HKQuantityTypeIdentifierBodyMass,YAZIO,1654,"Watch4,2",,2023-09-30 07:36:05 +0000,2023-09-30 07:36:05 +0000,kg,94.3499984741211,9da83b23-e048-48b0-9bf3-eeb0c98deb09
HKQuantityTypeIdentifierBodyMass,YAZIO,1654,"Watch4,2",,2023-09-30 07:36:05 +0000,2023-09-30 07:36:05 +0000,kg,94.3499984741211,660abb86-edb1-4351-bf7d-f822c51f07d7
HKQuantityTypeIdentifierBodyMass,YAZIO,1654,"Watch4,2",,2023-09-30 07:36:05 +0000,2023-09-30 07:36:05 +0000,kg,94.3499984741211,d40a7a84-6b0d-4f7e-b0b4-a60fd0925ff9
HKQuantityTypeIdentifierBodyMass,YAZIO,1654,"Watch4,2",,2023-09-30 07:36:05 +0000,2023-09-30 07:36:05 +0000,kg,94.3499984741211,ad85b28b-3714-4766-a8b9-1a47576012b7
HKQuantityTypeIdentifierBodyMass,YAZIO,1654,"Watch4,2",,2023-09-30 07:36:05 +0000,2023-09-30 07:36:05 +0000,kg,94.3499984741211,5eb4bf91-3ed0-4e16-89e4-c543edcd0cff
HKQuantityTypeIdentifierBodyMass,YAZIO,1654,"Watch4,2",,2023-09-30 07:36:05 +0000,2023-09-30 07:36:05 +0000,kg,94.3499984741211,1602ab5b-1f1f-4174-b942-8771d842cf4d
HKQuantityTypeIdentifierBodyMass,YAZIO,1654,"Watch4,2",,2023-09-30 07:36:05 +0000,2023-09-30 07:36:05 +0000,kg,94.3499984741211,8372a025-d4ff-4379-9fbf-3e1bfdf7777d
HKQuantityTypeIdentifierBodyMass,YAZIO,1654,"Watch4,2",,2023-09-30 07:36:05 +0000,2023-09-30 07:36:05 +0000,kg,94.3499984741211,40e0a37f-aec6-458a-a92e-75966ebfe8fc
HKQuantityTypeIdentifierBodyMass,YAZIO,1654,"Watch4,2",,2023-09-30 07:36:05 +0000,2023-09-30 07:36:05 +0000,kg,94.3499984741211,ba9a2c30-1a50-4582-b88c-1021f9b2c9c5
HKQuantityTypeIdentifierBodyMass,YAZIO,1654,"Watch4,2",,2023-09-30 07:36:05 +0000,2023-09-30 07:36:05 +0000,kg,94.3499984741211,d97bfd52-31c7-4916-978d-fd76d85857fc
HKQuantityTypeIdentifierBodyMass,YAZIO,1654,"Watch4,2",,2023-09-30 07:36:05 +0000,2023-09-30 07:36:05 +0000,kg,94.3499984741211,74168281-6312-4d93-8e7e-b211ddf6975e
HKQuantityTypeIdentifierBodyMass,YAZIO,1654,"Watch4,2",,2023-09-30 07:36:05 +0000,2023-09-30 07:36:05 +0000,kg,94.3499984741211,3ced85e9-f073-41c1-bd86-fadb9ce774fa
HKQuantityTypeIdentifierBodyMass,YAZIO,1654,"Watch4,2",,2023-09-30 07:36:05 +0000,2023-09-30 07:36:05 +0000,kg,94.3499984741211,872f26b1-0788-435b-9917-4fe3615f25f5
HKQuantityTypeIdentifierBodyMass,YAZIO,1654,"Watch4,2",,2023-09-30 07:36:05 +0000,2023-09-30 07:36:05 +0000,kg,94.3499984741211,13e49ac7-a870-4a1f-9bef-b148d6165345
HKQuantityTypeIdentifierBodyMass,YAZIO,1654,"Watch4,2",,2023-09-30 07:36:05 +0000,2023-09-30 07:36:05 +0000,kg,94.3499984741211,6e997f8b-2191-4eca-983d-5f8abc3a7dcc
HKQuantityTypeIdentifierBodyMass,YAZIO,1654,"Watch4,2",,2023-09-30 07:36:05 +0000,2023-09-30 07:36:05 +0000,kg,94.3499984741211,d5050ba8-a8c6-4ea7-a1a0-9f17a1345e5f
HKQuantityTypeIdentifierBodyMass,YAZIO,1654,"Watch4,2",,2023-09-30 07:36:05 +0000,2023-09-30 07:36:05 +0000,kg,94.3499984741211,bbf4a9be-0c0e-49f5-8be2-8701755a0a09
HKQuantityTypeIdentifierBodyMass,YAZIO,1654,"Watch4,2",,2023-09-30 07:36:05 +0000,2023-09-30 07:36:05 +0000,kg,94.3499984741211,cf8ab990-3783-4668-9552-dbbe10a4bbf6
HKQuantityTypeIdentifierBodyMass,YAZIO,1654,"Watch4,2",,2023-09-30 07:36:05 +0000,2023-09-30 07:36:05 +0000,kg,94.3499984741211,462f1634-c0e6-4ce0-9015-902929a40c13
HKQuantityTypeIdentifierBodyMass,YAZIO,1654,"Watch4,2",,2023-09-30 07:36:05 +0000,2023-09-30 07:36:05 +0000,kg,94.3499984741211,8e2edb51-c370-4698-9bf9-8f82d5763c9c
HKQuantityTypeIdentifierBodyMass,YAZIO,1654,"Watch4,2",,2023-09-30 07:36:05 +0000,2023-09-30 07:36:05 +0000,kg,94.3499984741211,31a76c8f-8cbe-48bf-aa5c-79811a1d9adb
HKQuantityTypeIdentifierBodyMass,YAZIO,1654,"Watch4,2",,2023-09-30 07:36:05 +0000,2023-09-30 07:36:05 +0000,kg,94.3499984741211,464c9263-a3c0-451f-b7b5-d1cd6df821cd
HKQuantityTypeIdentifierBodyMass,YAZIO,1654,"Watch4,2",,2023-09-30 07:36:05 +0000,2023-09-30 07:36:05 +0000,kg,94.3499984741211,b886b328-5e31-449c-b224-e21e6cd9aa77
HKQuantityTypeIdentifierBodyMass,YAZIO,1654,"Watch4,2",,2023-09-30 07:36:05 +0000,2023-09-30 07:36:05 +0000,kg,94.3499984741211,f8c80245-eaca-4003-8864-66e1292ed29b
HKQuantityTypeIdentifierBodyMass,YAZIO,1654,"Watch4,2",,2023-09-30 07:36:05 +0000,2023-09-30 07:36:05 +0000,kg,94.3499984741211,23cf8623-2638-47be-ac64-3a2de50aa2e6
HKQuantityTypeIdentifierBodyMass,Renpho,1,"iPhone14,3",,2023-10-01 08:31:24 +0000,2023-10-01 08:31:24 +0000,kg,94.9000015258789,
HKQuantityTypeIdentifierBodyMass,YAZIO,1657,"iPhone14,3",,2023-10-01 08:31:24 +0000,2023-10-01 08:31:24 +0000,kg,94.9000015258789,55a173fc-a8d3-4f83-a45f-54e686fd3777
HKQuantityTypeIdentifierBodyMass,YAZIO,1654,"Watch4,2",,2023-10-01 08:31:24 +0000,2023-10-01 08:31:24 +0000,kg,94.9000015258789,5f17adb7-24cb-4fa9-9e01-0cb382ff8f08
HKQuantityTypeIdentifierBodyMass,YAZIO,1654,"Watch4,2",,2023-10-01 08:31:24 +0000,2023-10-01 08:31:24 +0000,kg,94.9000015258789,730eb4a5-a12a-4327-8ee4-7a8cc5ce12cf
HKQuantityTypeIdentifierBodyMass,YAZIO,1654,"Watch4,2",,2023-10-01 08:31:24 +0000,2023-10-01 08:31:24 +0000,kg,94.9000015258789,40aad49b-6f0e-4cb3-b15e-227647e849b2
HKQuantityTypeIdentifierBodyMass,YAZIO,1654,"Watch4,2",,2023-10-01 08:31:24 +0000,2023-10-01 08:31:24 +0000,kg,94.9000015258789,24e2d762-dd66-4ce0-86e8-f7732099934c
HKQuantityTypeIdentifierBodyMass,YAZIO,1654,"Watch4,2",,2023-10-01 08:31:24 +0000,2023-10-01 08:31:24 +0000,kg,94.9000015258789,cab39983-3da9-419d-9930-ee29c8385968
HKQuantityTypeIdentifierBodyMass,YAZIO,1654,"Watch4,2",,2023-10-01 08:31:24 +0000,2023-10-01 08:31:24 +0000,kg,94.9000015258789,64233470-2190-4d7a-8bf1-0b37be016c1e
HKQuantityTypeIdentifierBodyMass,YAZIO,1654,"Watch4,2",,2023-10-01 08:31:24 +0000,2023-10-01 08:31:24 +0000,kg,94.9000015258789,0f7cea22-5a5a-4594-a507-092e699b5631
HKQuantityTypeIdentifierBodyMass,YAZIO,1654,"Watch4,2",,2023-10-01 08:31:24 +0000,2023-10-01 08:31:24 +0000,kg,94.9000015258789,22e67460-c0a5-421c-877e-db1116925ca3
HKQuantityTypeIdentifierBodyMass,YAZIO,1654,"Watch4,2",,2023-10-01 08:31:24 +0000,2023-10-01 08:31:24 +0000,kg,94.9000015258789,37c3890f-fa90-4184-8210-bc3dee930698
HKQuantityTypeIdentifierBodyMass,YAZIO,1654,"Watch4,2",,2023-10-01 08:31:24 +0000,2023-10-01 08:31:24 +0000,kg,94.9000015258789,f523e5e8-8848-43e0-aae2-6bbddbb842a0
HKQuantityTypeIdentifierBodyMass,YAZIO,1654,"Watch4,2",,2023-10-01 08:31:24 +0000,2023-10-01 08:31:24 +0000,kg,94.9000015258789,0c2e01ab-cc0b-4d20-bd4a-8f7fa7e3034d
HKQuantityTypeIdentifierBodyMass,YAZIO,1654,"Watch4,2",,2023-10-01 08:31:24 +0000,2023-10-01 08:31:24 +0000,kg,94.9000015258789,f84cd0b8-4513-42e7-869e-e1b33782cddd
HKQuantityTypeIdentifierBodyMass,YAZIO,1654,"Watch4,2",,2023-10-01 08:31:24 +0000,2023-10-01 08:31:24 +0000,kg,94.9000015258789,a9e631aa-78c5-46c6-9479-1d31462c5947
HKQuantityTypeIdentifierBodyMass,YAZIO,1654,"Watch4,2",,2023-10-01 08:31:24 +0000,2023-10-01 08:31:24 +0000,kg,94.9000015258789,13853e74-f2b0-41e6-a1b2-5b35f0378054
HKQuantityTypeIdentifierBodyMass,Renpho,1,"iPhone14,3",,2023-10-02 06:16:28 +0000,2023-10-02 06:16:28 +0000,kg,94.9000015258789,
HKQuantityTypeIdentifierBodyMass,YAZIO,1657,"iPhone14,3",,2023-10-02 06:16:28 +0000,2023-10-02 06:16:28 +0000,kg,94.9000015258789,160af6d0-9439-4553-b77f-a91fe6ca6a9e
HKQuantityTypeIdentifierBodyMass,YAZIO,1654,"Watch4,2",,2023-10-02 06:16:28 +0000,2023-10-02 06:16:28 +0000,kg,94.9000015258789,9c402d25-f77c-46e5-bf65-b78d6ff526c9
HKQuantityTypeIdentifierBodyMass,YAZIO,1654,"Watch4,2",,2023-10-02 06:16:28 +0000,2023-10-02 06:16:28 +0000,kg,94.9000015258789,33ff7118-f0f3-4c72-98c7-3e3ff7a8944d
HKQuantityTypeIdentifierBodyMass,YAZIO,1654,"Watch4,2",,2023-10-02 06:16:28 +0000,2023-10-02 06:16:28 +0000,kg,94.9000015258789,201a5bb6-3c74-42d1-8261-d6882814f9dc
HKQuantityTypeIdentifierBodyMass,YAZIO,1654,"Watch4,2",,2023-10-02 06:16:28 +0000,2023-10-02 06:16:28 +0000,kg,94.9000015258789,e801ac61-d243-4690-9d1d-69e7d91dd550
HKQuantityTypeIdentifierBodyMass,YAZIO,1654,"Watch4,2",,2023-10-02 06:16:28 +0000,2023-10-02 06:16:28 +0000,kg,94.9000015258789,922fa86c-96ae-428b-9eac-17d9098f06e7
HKQuantityTypeIdentifierBodyMass,YAZIO,1654,"Watch4,2",,2023-10-02 06:16:28 +0000,2023-10-02 06:16:28 +0000,kg,94.9000015258789,26a61bbf-8bea-4730-bef9-f82e3912a584
HKQuantityTypeIdentifierBodyMass,YAZIO,1654,"Watch4,2",,2023-10-02 06:16:28 +0000,2023-10-02 06:16:28 +0000,kg,94.9000015258789,67c5148c-8a99-49fd-8f8c-6e29b6ea2b92
HKQuantityTypeIdentifierBodyMass,YAZIO,1654,"Watch4,2",,2023-10-02 06:16:28 +0000,2023-10-02 06:16:28 +0000,kg,94.9000015258789,8637884a-829a-4956-9bc1-f12a1a646c0e
HKQuantityTypeIdentifierBodyMass,YAZIO,1654,"Watch4,2",,2023-10-02 06:16:28 +0000,2023-10-02 06:16:28 +0000,kg,94.9000015258789,02d25154-b20f-4df1-aa6e-2c751de9b3e0
HKQuantityTypeIdentifierBodyMass,YAZIO,1654,"Watch4,2",,2023-10-02 06:16:28 +0000,2023-10-02 06:16:28 +0000,kg,94.9000015258789,cd85e4ea-f87f-442e-817c-436a1c798b4a
HKQuantityTypeIdentifierBodyMass,YAZIO,1654,"Watch4,2",,2023-10-02 06:16:28 +0000,2023-10-02 06:16:28 +0000,kg,94.9000015258789,045af5f2-5ae7-419c-a674-dd2efa2e7335
HKQuantityTypeIdentifierBodyMass,YAZIO,1654,"Watch4,2",,2023-10-02 06:16:28 +0000,2023-10-02 06:16:28 +0000,kg,94.9000015258789,dc31de3e-6887-4522-811c-9d2b4519af8c
HKQuantityTypeIdentifierBodyMass,YAZIO,1654,"Watch4,2",,2023-10-02 06:16:28 +0000,2023-10-02 06:16:28 +0000,kg,94.9000015258789,fa535ced-37e8-415b-8156-a1e4c30df4fe
HKQuantityTypeIdentifierBodyMass,YAZIO,1654,"Watch4,2",,2023-10-02 06:16:28 +0000,2023-10-02 06:16:28 +0000,kg,94.9000015258789,f472d797-2680-44c3-a8e4-36296fbb8da0
HKQuantityTypeIdentifierBodyMass,YAZIO,1654,"Watch4,2",,2023-10-02 06:16:28 +0000,2023-10-02 06:16:28 +0000,kg,94.9000015258789,b9ac8792-abb9-41ba-801e-861b6eb07e7e
HKQuantityTypeIdentifierBodyMass,Renpho,1,"iPhone14,3",,2023-10-05 05:23:34 +0000,2023-10-05 05:23:34 +0000,kg,93.75,
HKQuantityTypeIdentifierBodyMass,YAZIO,1657,"iPhone14,3",,2023-10-05 05:23:34 +0000,2023-10-05 05:23:34 +0000,kg,93.75,dc1fe0ce-81dd-48fa-bc2f-b8dc012e7d9c
HKQuantityTypeIdentifierBodyMass,YAZIO,1657,"Watch4,2",,2023-10-05 05:23:34 +0000,2023-10-05 05:23:34 +0000,kg,93.75,531a363a-05a6-4be5-b265-ac6bce2fece5
HKQuantityTypeIdentifierBodyMass,YAZIO,1657,"Watch4,2",,2023-10-05 05:23:34 +0000,2023-10-05 05:23:34 +0000,kg,93.75,a530db55-3756-4d35-8b86-91864ae382a5
HKQuantityTypeIdentifierBodyMass,YAZIO,1657,"Watch4,2",,2023-10-05 05:23:34 +0000,2023-10-05 05:23:34 +0000,kg,93.75,00a5c2f4-e37c-41c9-8d5f-7b34f4986b87
HKQuantityTypeIdentifierBodyMass,YAZIO,1657,"Watch4,2",,2023-10-05 05:23:34 +0000,2023-10-05 05:23:34 +0000,kg,93.75,5ef3510e-cd47-4807-ac14-06df32fe0561
HKQuantityTypeIdentifierBodyMass,YAZIO,1657,"Watch4,2",,2023-10-05 05:23:34 +0000,2023-10-05 05:23:34 +0000,kg,93.75,001e2991-100e-414a-8e6c-e6539496ed88
HKQuantityTypeIdentifierBodyMass,YAZIO,1657,"Watch4,2",,2023-10-05 05:23:34 +0000,2023-10-05 05:23:34 +0000,kg,93.75,1fbf9b14-e5d2-41f0-9d27-f69eb2903cc0
HKQuantityTypeIdentifierBodyMass,YAZIO,1657,"Watch4,2",,2023-10-05 05:23:34 +0000,2023-10-05 05:23:34 +0000,kg,93.75,6f38f5bb-42a8-43d8-a3af-390ce6798694
HKQuantityTypeIdentifierBodyMass,YAZIO,1657,"Watch4,2",,2023-10-05 05:23:34 +0000,2023-10-05 05:23:34 +0000,kg,93.75,e64a5585-6a89-46a7-9a2a-bd8c1222568e
HKQuantityTypeIdentifierBodyMass,YAZIO,1657,"Watch4,2",,2023-10-05 05:23:34 +0000,2023-10-05 05:23:34 +0000,kg,93.75,f1510780-0436-4d86-831c-31bcf0fa2d71
HKQuantityTypeIdentifierBodyMass,YAZIO,1657,"Watch4,2",,2023-10-05 05:23:34 +0000,2023-10-05 05:23:34 +0000,kg,93.75,4b17d2b2-6536-4763-8658-e3f586074537
HKQuantityTypeIdentifierBodyMass,YAZIO,1657,"Watch4,2",,2023-10-05 05:23:34 +0000,2023-10-05 05:23:34 +0000,kg,93.75,9d3ba9c5-24eb-43dd-865f-4d2c95ab4684
HKQuantityTypeIdentifierBodyMass,YAZIO,1657,"Watch4,2",,2023-10-05 05:23:34 +0000,2023-10-05 05:23:34 +0000,kg,93.75,18010103-646e-4bfd-ba91-f5d2cab5c34c
HKQuantityTypeIdentifierBodyMass,YAZIO,1657,"Watch4,2",,2023-10-05 05:23:34 +0000,2023-10-05 05:23:34 +0000,kg,93.75,bd44256b-5c37-4fe0-a5f8-d2613515fa1f
HKQuantityTypeIdentifierBodyMass,YAZIO,1657,"Watch4,2",,2023-10-05 05:23:34 +0000,2023-10-05 05:23:34 +0000,kg,93.75,9647cb0a-b088-442e-8d74-7ae6283b482f
HKQuantityTypeIdentifierBodyMass,YAZIO,1657,"Watch4,2",,2023-10-05 05:23:34 +0000,2023-10-05 05:23:34 +0000,kg,93.75,dd987e54-40c9-4ceb-942a-7b5380fdc74c
HKQuantityTypeIdentifierBodyMass,YAZIO,1657,"Watch4,2",,2023-10-05 05:23:34 +0000,2023-10-05 05:23:34 +0000,kg,93.75,badf7f36-12f3-4d17-a928-9b0ea262d902
HKQuantityTypeIdentifierBodyMass,YAZIO,1657,"Watch4,2",,2023-10-05 05:23:34 +0000,2023-10-05 05:23:34 +0000,kg,93.75,94102bc1-fc30-49e8-aabe-4ae4c217a1ce
HKQuantityTypeIdentifierBodyMass,YAZIO,1657,"Watch4,2",,2023-10-05 05:23:34 +0000,2023-10-05 05:23:34 +0000,kg,93.75,05bbb386-3e92-4c40-a164-23511fcb5189
HKQuantityTypeIdentifierBodyMass,YAZIO,1657,"Watch4,2",,2023-10-05 05:23:34 +0000,2023-10-05 05:23:34 +0000,kg,93.75,7e38e00f-c2fa-4309-8e5b-2f91144b8848
HKQuantityTypeIdentifierBodyMass,YAZIO,1657,"Watch4,2",,2023-10-05 05:23:34 +0000,2023-10-05 05:23:34 +0000,kg,93.75,fd8e861e-f241-4dee-89c6-2e0f68273204
HKQuantityTypeIdentifierBodyMass,YAZIO,1657,"Watch4,2",,2023-10-05 05:23:34 +0000,2023-10-05 05:23:34 +0000,kg,93.75,941b1c0d-54c2-4aec-a151-9d6ed74cda80
HKQuantityTypeIdentifierBodyMass,YAZIO,1657,"Watch4,2",,2023-10-05 05:23:34 +0000,2023-10-05 05:23:34 +0000,kg,93.75,b04399ad-8c32-4e8f-a91b-ff4ea30f899e
HKQuantityTypeIdentifierBodyMass,YAZIO,1657,"Watch4,2",,2023-10-05 05:23:34 +0000,2023-10-05 05:23:34 +0000,kg,93.75,f1607702-b2b4-4c07-a9d9-f9f23e9511f9
HKQuantityTypeIdentifierBodyMass,YAZIO,1657,"Watch4,2",,2023-10-05 05:23:34 +0000,2023-10-05 05:23:34 +0000,kg,93.75,3a8ac261-ce89-42e6-913a-f983a95e2f06
HKQuantityTypeIdentifierBodyMass,YAZIO,1657,"Watch4,2",,2023-10-05 05:23:34 +0000,2023-10-05 05:23:34 +0000,kg,93.75,c3024b1a-9f47-46d7-ab46-c9d48ed2d4ce
HKQuantityTypeIdentifierBodyMass,YAZIO,1657,"Watch4,2",,2023-10-05 05:23:34 +0000,2023-10-05 05:23:34 +0000,kg,93.75,ca4da6a2-5dee-420b-9ac9-3f190712070a
HKQuantityTypeIdentifierBodyMass,YAZIO,1657,"Watch4,2",,2023-10-05 05:23:34 +0000,2023-10-05 05:23:34 +0000,kg,93.75,d0ddd632-0d41-4204-8c28-9ee7687ee63c
HKQuantityTypeIdentifierBodyMass,YAZIO,1657,"Watch4,2",,2023-10-05 05:23:34 +0000,2023-10-05 05:23:34 +0000,kg,93.75,f3b3d90c-4321-4436-9c1b-b218787440da
HKQuantityTypeIdentifierBodyMass,YAZIO,1657,"Watch4,2",,2023-10-05 05:23:34 +0000,2023-10-05 05:23:34 +0000,kg,93.75,664e5f18-81c2-426e-ba3c-785e6670e951
HKQuantityTypeIdentifierBodyMass,YAZIO,1657,"Watch4,2",,2023-10-05 05:23:34 +0000,2023-10-05 05:23:34 +0000,kg,93.75,d073587d-171c-462a-983e-5ea659f9c0e2
HKQuantityTypeIdentifierBodyMass,YAZIO,1657,"Watch4,2",,2023-10-05 05:23:34 +0000,2023-10-05 05:23:34 +0000,kg,93.75,3d7d86c3-1b54-4880-a075-e9f8b59827b8
HKQuantityTypeIdentifierBodyMass,YAZIO,1657,"Watch4,2",,2023-10-05 05:23:34 +0000,2023-10-05 05:23:34 +0000,kg,93.75,df832269-1a0d-49ed-93cf-aca2ebf3872d
HKQuantityTypeIdentifierBodyMass,YAZIO,1657,"Watch4,2",,2023-10-05 05:23:34 +0000,2023-10-05 05:23:34 +0000,kg,93.75,d98c8c09-252f-4c1c-b813-3cc112583c32
HKQuantityTypeIdentifierBodyMass,YAZIO,1657,"Watch4,2",,2023-10-05 05:23:34 +0000,2023-10-05 05:23:34 +0000,kg,93.75,024dc82a-e50a-41ff-a917-14385061865a
HKQuantityTypeIdentifierBodyMass,YAZIO,1657,"Watch4,2",,2023-10-05 05:23:34 +0000,2023-10-05 05:23:34 +0000,kg,93.75,4c7c1153-efd0-4385-b797-aee1c02f6e26
HKQuantityTypeIdentifierBodyMass,YAZIO,1657,"Watch4,2",,2023-10-05 05:23:34 +0000,2023-10-05 05:23:34 +0000,kg,93.75,4ecbf83d-0e39-478e-b165-32db5546790e
HKQuantityTypeIdentifierBodyMass,YAZIO,1657,"Watch4,2",,2023-10-05 05:23:34 +0000,2023-10-05 05:23:34 +0000,kg,93.75,bf0a7480-815b-4805-9792-a030682b2e27
HKQuantityTypeIdentifierBodyMass,YAZIO,1657,"Watch4,2",,2023-10-05 05:23:34 +0000,2023-10-05 05:23:34 +0000,kg,93.75,21ca1ad8-45fe-4b5a-a54e-9193e2cbdcd0
HKQuantityTypeIdentifierBodyMass,YAZIO,1657,"Watch4,2",,2023-10-05 05:23:34 +0000,2023-10-05 05:23:34 +0000,kg,93.75,ba5c53e7-0f2c-42a8-94e3-e471e84a90f1
HKQuantityTypeIdentifierBodyMass,YAZIO,1657,"Watch4,2",,2023-10-05 05:23:34 +0000,2023-10-05 05:23:34 +0000,kg,93.75,7e61a09b-ed2f-4bc9-a679-c6aaf5abcba1
HKQuantityTypeIdentifierBodyMass,YAZIO,1657,"Watch4,2",,2023-10-05 05:23:34 +0000,2023-10-05 05:23:34 +0000,kg,93.75,d7f9479b-c3a0-45d0-98a1-072d7119d89c
HKQuantityTypeIdentifierBodyMass,YAZIO,1657,"Watch4,2",,2023-10-05 05:23:34 +0000,2023-10-05 05:23:34 +0000,kg,93.75,d5ef77ea-0bdd-454b-9d4d-5068e0c9a108
HKQuantityTypeIdentifierBodyMass,YAZIO,1657,"Watch4,2",,2023-10-05 05:23:34 +0000,2023-10-05 05:23:34 +0000,kg,93.75,e82c6017-378c-4cc6-b9a7-53b582cb6799
HKQuantityTypeIdentifierBodyMass,YAZIO,1657,"Watch4,2",,2023-10-05 05:23:34 +0000,2023-10-05 05:23:34 +0000,kg,93.75,4f94def8-84a7-4319-a548-557897c02dcb
HKQuantityTypeIdentifierBodyMass,YAZIO,1657,"Watch4,2",,2023-10-05 05:23:34 +0000,2023-10-05 05:23:34 +0000,kg,93.75,0802e099-5335-43d1-8e03-7c87ff7db97b
HKQuantityTypeIdentifierBodyMass,YAZIO,1657,"Watch4,2",,2023-10-05 05:23:34 +0000,2023-10-05 05:23:34 +0000,kg,93.75,f68c6c93-dff1-4297-9e6d-5b9981cf02d7
HKQuantityTypeIdentifierBodyMass,YAZIO,1657,"Watch4,2",,2023-10-05 05:23:34 +0000,2023-10-05 05:23:34 +0000,kg,93.75,da32788b-862d-47dd-94d2-6804828a44d3
HKQuantityTypeIdentifierBodyMass,YAZIO,1657,"Watch4,2",,2023-10-05 05:23:34 +0000,2023-10-05 05:23:34 +0000,kg,93.75,116185f6-46bc-435c-bdf2-d6299ac3a716
HKQuantityTypeIdentifierBodyMass,YAZIO,1657,"Watch4,2",,2023-10-05 05:23:34 +0000,2023-10-05 05:23:34 +0000,kg,93.75,1427c3e4-d53b-4c47-9f83-4f47f5d9ac64
HKQuantityTypeIdentifierBodyMass,YAZIO,1657,"Watch4,2",,2023-10-05 05:23:34 +0000,2023-10-05 05:23:34 +0000,kg,93.75,5218a80c-38a7-4702-a3c2-82d9870054ea
HKQuantityTypeIdentifierBodyMass,YAZIO,1657,"Watch4,2",,2023-10-05 05:23:34 +0000,2023-10-05 05:23:34 +0000,kg,93.75,23676e1a-3040-4858-a06b-98c3b8fd37ad
HKQuantityTypeIdentifierBodyMass,YAZIO,1657,"Watch4,2",,2023-10-05 05:23:34 +0000,2023-10-05 05:23:34 +0000,kg,93.75,71dfc7c5-3552-4cd2-9d7c-0282399d2fed
HKQuantityTypeIdentifierBodyMass,YAZIO,1657,"Watch4,2",,2023-10-05 05:23:34 +0000,2023-10-05 05:23:34 +0000,kg,93.75,ca7ec040-9df5-4499-9eb9-49a668998023
HKQuantityTypeIdentifierBodyMass,YAZIO,1657,"Watch4,2",,2023-10-05 05:23:34 +0000,2023-10-05 05:23:34 +0000,kg,93.75,be19ca1a-71fb-4d1f-92e5-9ccfc08dce23
HKQuantityTypeIdentifierBodyMass,YAZIO,1657,"Watch4,2",,2023-10-05 05:23:34 +0000,2023-10-05 05:23:34 +0000,kg,93.75,99174642-3e3f-4514-ba83-d54dfbaf36fb
HKQuantityTypeIdentifierBodyMass,YAZIO,1657,"Watch4,2",,2023-10-05 05:23:34 +0000,2023-10-05 05:23:34 +0000,kg,93.75,a484bdf7-0ff5-44d7-8594-69bf73c9d857
HKQuantityTypeIdentifierBodyMass,YAZIO,1657,"Watch4,2",,2023-10-05 05:23:34 +0000,2023-10-05 05:23:34 +0000,kg,93.75,c3ed84c8-1df3-4bf6-8a73-d1ed17ddfae9
HKQuantityTypeIdentifierBodyMass,YAZIO,1657,"Watch4,2",,2023-10-05 05:23:34 +0000,2023-10-05 05:23:34 +0000,kg,93.75,7197c306-d11a-4855-8474-65a8638eed55
HKQuantityTypeIdentifierBodyMass,YAZIO,1657,"Watch4,2",,2023-10-05 05:23:34 +0000,2023-10-05 05:23:34 +0000,kg,93.75,359a1c20-629b-449b-95f4-881f9c030e76
HKQuantityTypeIdentifierBodyMass,YAZIO,1657,"Watch4,2",,2023-10-05 05:23:34 +0000,2023-10-05 05:23:34 +0000,kg,93.75,da86307d-3a29-4f3b-afb8-d3d31d390502
HKQuantityTypeIdentifierBodyMass,YAZIO,1657,"Watch4,2",,2023-10-05 05:23:34 +0000,2023-10-05 05:23:34 +0000,kg,93.75,63f8dc1e-18bf-48fc-88ae-8a655d8f0a7d
HKQuantityTypeIdentifierBodyMass,YAZIO,1657,"Watch4,2",,2023-10-05 05:23:34 +0000,2023-10-05 05:23:34 +0000,kg,93.75,7feb5d4a-26b7-4e28-9611-a645ce3e3f9d
HKQuantityTypeIdentifierBodyMass,YAZIO,1657,"Watch4,2",,2023-10-05 05:23:34 +0000,2023-10-05 05:23:34 +0000,kg,93.75,fd0ea9e9-340c-4304-9d45-19c899a71655
HKQuantityTypeIdentifierBodyMass,YAZIO,1657,"Watch4,2",,2023-10-05 05:23:34 +0000,2023-10-05 05:23:34 +0000,kg,93.75,127d2bb1-dfcd-44e0-b553-eee1478f99b6
HKQuantityTypeIdentifierBodyMass,YAZIO,1657,"Watch4,2",,2023-10-05 05:23:34 +0000,2023-10-05 05:23:34 +0000,kg,93.75,a08a1676-25ed-4999-a59f-bd92a21deb4e
HKQuantityTypeIdentifierBodyMass,YAZIO,1657,"Watch4,2",,2023-10-05 05:23:34 +0000,2023-10-05 05:23:34 +0000,kg,93.75,31c3b14c-513a-4007-8365-2282c42ec238
HKQuantityTypeIdentifierBodyMass,YAZIO,1657,"Watch4,2",,2023-10-05 05:23:34 +0000,2023-10-05 05:23:34 +0000,kg,93.75,77273214-89c4-4835-bc90-01e8bcbcd1bf
HKQuantityTypeIdentifierBodyMass,YAZIO,1657,"Watch4,2",,2023-10-05 05:23:34 +0000,2023-10-05 05:23:34 +0000,kg,93.75,359a5b52-867a-4c65-a2c4-12eb58303199
HKQuantityTypeIdentifierBodyMass,YAZIO,1657,"Watch4,2",,2023-10-05 05:23:34 +0000,2023-10-05 05:23:34 +0000,kg,93.75,312f02a4-2df5-48e9-9987-f5250e83a908
HKQuantityTypeIdentifierBodyMass,YAZIO,1657,"Watch4,2",,2023-10-05 05:23:34 +0000,2023-10-05 05:23:34 +0000,kg,93.75,49fbb67b-a346-4b68-b324-e382c679fc72
HKQuantityTypeIdentifierBodyMass,YAZIO,1657,"Watch4,2",,2023-10-05 05:23:34 +0000,2023-10-05 05:23:34 +0000,kg,93.75,54ef4714-0d5e-4e59-bef9-008cf0fda99a
HKQuantityTypeIdentifierBodyMass,YAZIO,1657,"Watch4,2",,2023-10-05 05:23:34 +0000,2023-10-05 05:23:34 +0000,kg,93.75,64d2bdb0-0b6c-4a53-9ff3-abd439c55484
HKQuantityTypeIdentifierBodyMass,YAZIO,1657,"Watch4,2",,2023-10-05 05:23:34 +0000,2023-10-05 05:23:34 +0000,kg,93.75,a3a98245-8af4-4a8d-b788-bf2d583fd913
HKQuantityTypeIdentifierBodyMass,YAZIO,1657,"Watch4,2",,2023-10-05 05:23:34 +0000,2023-10-05 05:23:34 +0000,kg,93.75,32f56932-4021-487e-933d-dde9fc0af307
HKQuantityTypeIdentifierBodyMass,YAZIO,1657,"Watch4,2",,2023-10-05 05:23:34 +0000,2023-10-05 05:23:34 +0000,kg,93.75,8cca1eb3-fc03-4e6f-b16a-f040c5175dcf
HKQuantityTypeIdentifierBodyMass,YAZIO,1657,"Watch4,2",,2023-10-05 05:23:34 +0000,2023-10-05 05:23:34 +0000,kg,93.75,dd2b0e18-072b-4c96-a4ab-9958fccfb795
HKQuantityTypeIdentifierBodyMass,YAZIO,1657,"Watch4,2",,2023-10-05 05:23:34 +0000,2023-10-05 05:23:34 +0000,kg,93.75,73c20e21-3418-4570-93c9-3e4bad037a2d
HKQuantityTypeIdentifierBodyMass,YAZIO,1657,"Watch4,2",,2023-10-05 05:23:34 +0000,2023-10-05 05:23:34 +0000,kg,93.75,a2bb07d3-a3a2-4b40-9ab8-1b725ffa9e13
HKQuantityTypeIdentifierBodyMass,YAZIO,1657,"Watch4,2",,2023-10-05 05:23:34 +0000,2023-10-05 05:23:34 +0000,kg,93.75,5e6a6aba-679f-4fac-95b5-a276a129d546
HKQuantityTypeIdentifierBodyMass,YAZIO,1657,"Watch4,2",,2023-10-05 05:23:34 +0000,2023-10-05 05:23:34 +0000,kg,93.75,6aa04ac7-80b1-4a6d-a281-dda9762141aa
HKQuantityTypeIdentifierBodyMass,Renpho,2,"iPhone14,3",,2023-10-06 05:44:30 +0000,2023-10-06 05:44:30 +0000,kg,94.19999694824219,
HKQuantityTypeIdentifierBodyMass,Renpho,1,"iPhone14,3",,2023-10-06 05:53:37 +0000,2023-10-06 05:53:37 +0000,kg,94.19999694824219,
HKQuantityTypeIdentifierBodyMass,YAZIO,1657,"iPhone14,3",,2023-10-06 05:53:37 +0000,2023-10-06 05:53:37 +0000,kg,94.19999694824219,5e17226e-f8af-4b23-8e8f-8715abec4f2c
HKQuantityTypeIdentifierBodyMass,YAZIO,1657,"Watch4,2",,2023-10-06 05:53:37 +0000,2023-10-06 05:53:37 +0000,kg,94.19999694824219,fe7f258e-f310-4bf7-99e8-43879846345c
HKQuantityTypeIdentifierBodyMass,YAZIO,1657,"Watch4,2",,2023-10-06 05:53:37 +0000,2023-10-06 05:53:37 +0000,kg,94.19999694824219,3276183d-4462-4247-9fa9-e20565ce61a3
HKQuantityTypeIdentifierBodyMass,YAZIO,1657,"Watch4,2",,2023-10-06 05:53:37 +0000,2023-10-06 05:53:37 +0000,kg,94.19999694824219,7b25c343-4c2a-4ece-8dc7-52bbf06206d5
HKQuantityTypeIdentifierBodyMass,YAZIO,1657,"Watch4,2",,2023-10-06 05:53:37 +0000,2023-10-06 05:53:37 +0000,kg,94.19999694824219,62203cc0-4337-44b6-9648-b05ad94ce6c3
HKQuantityTypeIdentifierBodyMass,YAZIO,1657,"Watch4,2",,2023-10-06 05:53:37 +0000,2023-10-06 05:53:37 +0000,kg,94.19999694824219,0ba6a7f6-876c-4d0d-9bd8-9e5fe23f223d
HKQuantityTypeIdentifierBodyMass,YAZIO,1657,"Watch4,2",,2023-10-06 05:53:37 +0000,2023-10-06 05:53:37 +0000,kg,94.19999694824219,f32c1def-fc18-4dfa-b92e-3571d38ef092
HKQuantityTypeIdentifierBodyMass,YAZIO,1657,"Watch4,2",,2023-10-06 05:53:37 +0000,2023-10-06 05:53:37 +0000,kg,94.19999694824219,71cbdedb-0dad-44ac-9b50-97f21efc09b9
HKQuantityTypeIdentifierBodyMass,YAZIO,1657,"Watch4,2",,2023-10-06 05:53:37 +0000,2023-10-06 05:53:37 +0000,kg,94.19999694824219,45b3b0b2-8c3c-4e85-8df1-b0b76b3ffa09
HKQuantityTypeIdentifierBodyMass,YAZIO,1657,"Watch4,2",,2023-10-06 05:53:37 +0000,2023-10-06 05:53:37 +0000,kg,94.19999694824219,dcb0ecd2-ae06-4806-ab12-e9aaa7595465
HKQuantityTypeIdentifierBodyMass,YAZIO,1657,"Watch4,2",,2023-10-06 05:53:37 +0000,2023-10-06 05:53:37 +0000,kg,94.19999694824219,6ea5e7ae-8cac-4926-b11f-57b3643f687a
HKQuantityTypeIdentifierBodyMass,YAZIO,1657,"Watch4,2",,2023-10-06 05:53:37 +0000,2023-10-06 05:53:37 +0000,kg,94.19999694824219,66aad6f0-992b-4cec-813e-f6edf837b998
HKQuantityTypeIdentifierBodyMass,YAZIO,1657,"Watch4,2",,2023-10-06 05:53:37 +0000,2023-10-06 05:53:37 +0000,kg,94.19999694824219,f59ffd1a-f3ba-4e76-ba1d-4b0bd592d74a
HKQuantityTypeIdentifierBodyMass,YAZIO,1657,"Watch4,2",,2023-10-06 05:53:37 +0000,2023-10-06 05:53:37 +0000,kg,94.19999694824219,bfe9dc64-302b-4add-a46e-bad9561eb118
HKQuantityTypeIdentifierBodyMass,YAZIO,1657,"Watch4,2",,2023-10-06 05:53:37 +0000,2023-10-06 05:53:37 +0000,kg,94.19999694824219,7218d7b6-48cc-4a52-b888-34a91f0e9bed
HKQuantityTypeIdentifierBodyMass,YAZIO,1657,"Watch4,2",,2023-10-06 05:53:37 +0000,2023-10-06 05:53:37 +0000,kg,94.19999694824219,9471395d-7ba9-4be5-a31e-26517aab6fdc
HKQuantityTypeIdentifierBodyMass,YAZIO,1657,"Watch4,2",,2023-10-06 05:53:37 +0000,2023-10-06 05:53:37 +0000,kg,94.19999694824219,8515a970-6786-44f2-ae27-17c8fb2158c9
HKQuantityTypeIdentifierBodyMass,YAZIO,1657,"Watch4,2",,2023-10-06 05:53:37 +0000,2023-10-06 05:53:37 +0000,kg,94.19999694824219,3b080363-828e-49c9-8a00-d3257f774ccf
HKQuantityTypeIdentifierBodyMass,YAZIO,1657,"Watch4,2",,2023-10-06 05:53:37 +0000,2023-10-06 05:53:37 +0000,kg,94.19999694824219,2f40e829-9b6e-4b8b-9218-6d1823adbe14
HKQuantityTypeIdentifierBodyMass,YAZIO,1657,"Watch4,2",,2023-10-06 05:53:37 +0000,2023-10-06 05:53:37 +0000,kg,94.19999694824219,d734f87b-0a9e-4d89-a17e-f3e0e115154a
HKQuantityTypeIdentifierBodyMass,YAZIO,1657,"Watch4,2",,2023-10-06 05:53:37 +0000,2023-10-06 05:53:37 +0000,kg,94.19999694824219,1bdc7e35-bfad-4d61-bbdb-2e80ea4e21ea
HKQuantityTypeIdentifierBodyMass,YAZIO,1657,"Watch4,2",,2023-10-06 05:53:37 +0000,2023-10-06 05:53:37 +0000,kg,94.19999694824219,d2fd8273-7825-4ade-ad7b-7e77dc8d50c8
HKQuantityTypeIdentifierBodyMass,YAZIO,1657,"Watch4,2",,2023-10-06 05:53:37 +0000,2023-10-06 05:53:37 +0000,kg,94.19999694824219,cb9db3f2-c8f0-4f37-bbcf-bd80323b2d3d
HKQuantityTypeIdentifierBodyMass,YAZIO,1657,"Watch4,2",,2023-10-06 05:53:37 +0000,2023-10-06 05:53:37 +0000,kg,94.19999694824219,0279f931-ed8c-46ca-ae79-6bdf65360fe4
HKQuantityTypeIdentifierBodyMass,YAZIO,1657,"Watch4,2",,2023-10-06 05:53:37 +0000,2023-10-06 05:53:37 +0000,kg,94.19999694824219,3875a43c-c509-4b9b-a85d-78d5d9b81e2a
HKQuantityTypeIdentifierBodyMass,YAZIO,1657,"Watch4,2",,2023-10-06 05:53:37 +0000,2023-10-06 05:53:37 +0000,kg,94.19999694824219,b75c3d83-6066-4a9d-a1d1-42a5a686eaff
HKQuantityTypeIdentifierBodyMass,YAZIO,1657,"Watch4,2",,2023-10-06 05:53:37 +0000,2023-10-06 05:53:37 +0000,kg,94.19999694824219,fc6eba25-2b82-4e89-ad99-48a0004be529
HKQuantityTypeIdentifierBodyMass,YAZIO,1657,"Watch4,2",,2023-10-06 05:53:37 +0000,2023-10-06 05:53:37 +0000,kg,94.19999694824219,3fa61926-78f1-4758-bfd7-d65ebd3b052f
HKQuantityTypeIdentifierBodyMass,YAZIO,1657,"Watch4,2",,2023-10-06 05:53:37 +0000,2023-10-06 05:53:37 +0000,kg,94.19999694824219,92870d08-2570-44ed-bc64-b4f5ad9bac62
HKQuantityTypeIdentifierBodyMass,YAZIO,1657,"Watch4,2",,2023-10-06 05:53:37 +0000,2023-10-06 05:53:37 +0000,kg,94.19999694824219,a11c149c-8448-42ed-bde2-1c66c3038ef4
HKQuantityTypeIdentifierBodyMass,YAZIO,1657,"Watch4,2",,2023-10-06 05:53:37 +0000,2023-10-06 05:53:37 +0000,kg,94.19999694824219,8622fc82-b52d-405a-b22d-201c10e10e43
HKQuantityTypeIdentifierBodyMass,YAZIO,1657,"Watch4,2",,2023-10-06 05:53:37 +0000,2023-10-06 05:53:37 +0000,kg,94.19999694824219,b192fc8a-8138-4aff-8a89-7d3140907b25
HKQuantityTypeIdentifierBodyMass,YAZIO,1657,"Watch4,2",,2023-10-06 05:53:37 +0000,2023-10-06 05:53:37 +0000,kg,94.19999694824219,48cce07a-3979-4a64-8e0f-ffd08fa2ff10
HKQuantityTypeIdentifierBodyMass,YAZIO,1657,"Watch4,2",,2023-10-06 05:53:37 +0000,2023-10-06 05:53:37 +0000,kg,94.19999694824219,dd5a6be4-ea45-43d0-a902-9f073b014001
HKQuantityTypeIdentifierBodyMass,YAZIO,1657,"Watch4,2",,2023-10-06 05:53:37 +0000,2023-10-06 05:53:37 +0000,kg,94.19999694824219,3d7f6106-f276-4b72-abae-ee80cf36475c
HKQuantityTypeIdentifierBodyMass,YAZIO,1657,"Watch4,2",,2023-10-06 05:53:37 +0000,2023-10-06 05:53:37 +0000,kg,94.19999694824219,4be703ef-716c-4e02-810e-cf45d38b864c
HKQuantityTypeIdentifierBodyMass,YAZIO,1657,"Watch4,2",,2023-10-06 05:53:37 +0000,2023-10-06 05:53:37 +0000,kg,94.19999694824219,f4e7d4ae-2ff8-427b-94bc-4d795f77e544
HKQuantityTypeIdentifierBodyMass,YAZIO,1657,"Watch4,2",,2023-10-06 05:53:37 +0000,2023-10-06 05:53:37 +0000,kg,94.19999694824219,45486d0a-f924-48f9-9f94-4581d7da0bde
HKQuantityTypeIdentifierBodyMass,YAZIO,1657,"Watch4,2",,2023-10-06 05:53:37 +0000,2023-10-06 05:53:37 +0000,kg,94.19999694824219,114e0102-0c72-43f9-b10a-5ed3050f7ff2
HKQuantityTypeIdentifierBodyMass,YAZIO,1657,"Watch4,2",,2023-10-06 05:53:37 +0000,2023-10-06 05:53:37 +0000,kg,94.19999694824219,7332329d-deb4-4fc0-b470-8d1b50244758
HKQuantityTypeIdentifierBodyMass,YAZIO,1657,"Watch4,2",,2023-10-06 05:53:37 +0000,2023-10-06 05:53:37 +0000,kg,94.19999694824219,bbdbec19-be3c-4ca0-a5b4-30d092c8007c
HKQuantityTypeIdentifierBodyMass,YAZIO,1657,"Watch4,2",,2023-10-06 05:53:37 +0000,2023-10-06 05:53:37 +0000,kg,94.19999694824219,3ba17d04-131c-44b6-b7bf-ed39aa25280d
HKQuantityTypeIdentifierBodyMass,YAZIO,1657,"Watch4,2",,2023-10-06 05:53:37 +0000,2023-10-06 05:53:37 +0000,kg,94.19999694824219,36ac7e52-d735-4d6b-8222-a92a35d5762c
HKQuantityTypeIdentifierBodyMass,YAZIO,1657,"Watch4,2",,2023-10-06 05:53:37 +0000,2023-10-06 05:53:37 +0000,kg,94.19999694824219,43a6d24a-e8ff-4e6b-978a-89c3e9cf8ed9
HKQuantityTypeIdentifierBodyMass,Renpho,2,"iPhone14,3",,2023-10-14 10:22:21 +0000,2023-10-14 10:22:21 +0000,kg,96.30000305175781,
HKQuantityTypeIdentifierBodyMass,YAZIO,1667,"iPhone14,3",,2023-10-14 10:22:21 +0000,2023-10-14 10:22:21 +0000,kg,96.30000305175781,2bd86d49-2e5e-421d-888b-cff588ae1ad4
HKQuantityTypeIdentifierBodyMass,Renpho,2,"iPhone14,3",,2023-10-15 07:56:27 +0000,2023-10-15 07:56:27 +0000,kg,94.05000305175781,
HKQuantityTypeIdentifierBodyMass,YAZIO,1663,"iPhone14,3",,2023-10-15 07:56:27 +0000,2023-10-15 07:56:27 +0000,kg,94.05000305175781,3ba76a15-0fab-4907-aaa4-8aa39ea6ff03
HKQuantityTypeIdentifierBodyMass,Renpho,2,"iPhone14,3",,2023-10-16 05:07:21 +0000,2023-10-16 05:07:21 +0000,kg,94.3499984741211,
HKQuantityTypeIdentifierBodyMass,YAZIO,1666,"iPhone14,3",,2023-10-16 05:07:21 +0000,2023-10-16 05:07:21 +0000,kg,94.3499984741211,d4c62b21-92f5-41ef-8c7d-eb8e507818b5
HKQuantityTypeIdentifierBodyMass,Renpho,2,"iPhone14,3",,2023-10-19 06:45:16 +0000,2023-10-19 06:45:16 +0000,kg,94.94999694824219,
HKQuantityTypeIdentifierBodyMass,YAZIO,1666,"iPhone14,3",,2023-10-19 06:45:16 +0000,2023-10-19 06:45:16 +0000,kg,94.94999694824219,ef8a8fdf-521f-4c7d-af1a-34badda6da90
HKQuantityTypeIdentifierBodyMass,Renpho,2,"iPhone14,3",,2023-10-21 06:52:27 +0000,2023-10-21 06:52:27 +0000,kg,95.05000305175781,
HKQuantityTypeIdentifierBodyMass,YAZIO,1667,"iPhone14,3",,2023-10-21 06:52:27 +0000,2023-10-21 06:52:27 +0000,kg,95.05000305175781,c41d2783-c3d1-4752-917b-5d93c03e58cf
HKQuantityTypeIdentifierBodyMass,Renpho,2,"iPhone14,3",,2023-10-30 06:35:43 +0000,2023-10-30 06:35:43 +0000,kg,94.0,
HKQuantityTypeIdentifierBodyMass,YAZIO,1671,"iPhone14,3",,2023-10-30 06:35:43 +0000,2023-10-30 06:35:43 +0000,kg,94.0,bf9f2f4a-4f77-49c5-8a4e-ed353e2bf5d7
HKQuantityTypeIdentifierBodyMass,Renpho,2,"iPhone14,3",,2023-10-31 07:30:39 +0000,2023-10-31 07:30:39 +0000,kg,93.30000305175781,
HKQuantityTypeIdentifierBodyMass,YAZIO,1671,"iPhone14,3",,2023-10-31 07:30:39 +0000,2023-10-31 07:30:39 +0000,kg,93.30000305175781,55c67e75-e7d8-43d1-802a-556a55767f04
HKQuantityTypeIdentifierBodyMass,Renpho,2,"iPhone14,3",,2023-11-02 07:51:34 +0000,2023-11-02 07:51:34 +0000,kg,94.1500015258789,
HKQuantityTypeIdentifierBodyMass,YAZIO,1671,"iPhone14,3",,2023-11-02 07:51:34 +0000,2023-11-02 07:51:34 +0000,kg,94.1500015258789,1efa439f-23c0-49db-be95-7a744160a215
HKQuantityTypeIdentifierBodyMass,Renpho,2,"iPhone14,3",,2023-11-03 07:12:50 +0000,2023-11-03 07:12:50 +0000,kg,94.30000305175781,
HKQuantityTypeIdentifierBodyMass,YAZIO,1671,"iPhone14,3",,2023-11-03 07:12:50 +0000,2023-11-03 07:12:50 +0000,kg,94.30000305175781,9085e9e7-1134-4f00-931c-dc3028346f3b
HKQuantityTypeIdentifierBodyMass,Renpho,2,"iPhone14,3",,2023-11-05 09:12:20 +0000,2023-11-05 09:12:20 +0000,kg,95.19999694824219,
HKQuantityTypeIdentifierBodyMass,YAZIO,1671,"iPhone14,3",,2023-11-05 09:12:20 +0000,2023-11-05 09:12:20 +0000,kg,95.19999694824219,3ccc81a9-2d3d-4c5a-9fe1-2885bbd8cff9
HKQuantityTypeIdentifierBodyMass,Renpho,2,"iPhone14,3",,2023-11-06 07:09:02 +0000,2023-11-06 07:09:02 +0000,kg,95.25,
HKQuantityTypeIdentifierBodyMass,YAZIO,1671,"iPhone14,3",,2023-11-06 07:09:02 +0000,2023-11-06 07:09:02 +0000,kg,95.25,0b385f03-b535-4b97-ad22-91cacf6b8fa3
HKQuantityTypeIdentifierBodyMass,Renpho,2,"iPhone14,3",,2023-11-07 07:07:50 +0000,2023-11-07 07:07:50 +0000,kg,94.80000305175781,
HKQuantityTypeIdentifierBodyMass,YAZIO,1672,"iPhone14,3",,2023-11-07 07:07:50 +0000,2023-11-07 07:07:50 +0000,kg,94.80000305175781,29a1a8af-7ae6-44c3-9840-f43ad063b4d5
HKQuantityTypeIdentifierBodyMass,Renpho,2,"iPhone14,3",,2023-11-09 06:16:53 +0000,2023-11-09 06:16:53 +0000,kg,94.75,
HKQuantityTypeIdentifierBodyMass,YAZIO,1679,"iPhone14,3",,2023-11-09 06:16:53 +0000,2023-11-09 06:16:53 +0000,kg,94.75,3353492e-b9f3-485d-afc6-e57877bc27e7
HKQuantityTypeIdentifierBodyMass,Renpho,2,"iPhone14,3",,2023-11-10 07:28:59 +0000,2023-11-10 07:28:59 +0000,kg,95.05000305175781,
HKQuantityTypeIdentifierBodyMass,YAZIO,1680,"iPhone14,3",,2023-11-10 07:28:59 +0000,2023-11-10 07:28:59 +0000,kg,95.05000305175781,7f540e69-8b03-40bb-92fb-84a597ce6661
HKQuantityTypeIdentifierBodyMass,Renpho,2,"iPhone14,3",,2023-11-11 09:04:25 +0000,2023-11-11 09:04:25 +0000,kg,94.9000015258789,
HKQuantityTypeIdentifierBodyMass,YAZIO,1680,"iPhone14,3",,2023-11-11 09:04:25 +0000,2023-11-11 09:04:25 +0000,kg,94.9000015258789,353cf8d5-be73-4abd-bb75-2bb5c20e4e68
HKQuantityTypeIdentifierBodyMass,Renpho,2,"iPhone14,3",,2023-11-12 08:29:42 +0000,2023-11-12 08:29:42 +0000,kg,94.9000015258789,
HKQuantityTypeIdentifierBodyMass,YAZIO,1680,"iPhone14,3",,2023-11-12 08:29:42 +0000,2023-11-12 08:29:42 +0000,kg,94.9000015258789,7b8f3ca2-7aec-411a-aa96-8cf196423c84
HKQuantityTypeIdentifierBodyMass,Renpho,2,"iPhone14,3",,2023-11-13 06:59:50 +0000,2023-11-13 06:59:50 +0000,kg,95.3499984741211,
HKQuantityTypeIdentifierBodyMass,YAZIO,1680,"iPhone14,3",,2023-11-13 06:59:50 +0000,2023-11-13 06:59:50 +0000,kg,95.3499984741211,5e09aa5b-f362-4ea7-974c-cafdc0e10092
HKQuantityTypeIdentifierBodyMass,Renpho,2,"iPhone14,3",,2023-11-14 07:00:14 +0000,2023-11-14 07:00:14 +0000,kg,95.30000305175781,
HKQuantityTypeIdentifierBodyMass,YAZIO,1680,"iPhone14,3",,2023-11-14 07:00:14 +0000,2023-11-14 07:00:14 +0000,kg,95.30000305175781,a85bce60-0bee-41ea-be3a-1e6b24b5ff2a
HKQuantityTypeIdentifierBodyMass,Renpho,2,"iPhone14,3",,2023-11-14 07:08:42 +0000,2023-11-14 07:08:42 +0000,kg,95.0999984741211,
HKQuantityTypeIdentifierBodyMass,YAZIO,1680,"iPhone14,3",,2023-11-14 07:08:42 +0000,2023-11-14 07:08:42 +0000,kg,95.0999984741211,aa268d89-bc97-4bfa-8d8a-f8ff9c1cdbfc
HKQuantityTypeIdentifierBodyMass,Renpho,2,"iPhone14,3",,2023-11-15 06:40:08 +0000,2023-11-15 06:40:08 +0000,kg,95.19999694824219,
HKQuantityTypeIdentifierBodyMass,YAZIO,1680,"iPhone14,3",,2023-11-15 06:40:08 +0000,2023-11-15 06:40:08 +0000,kg,95.19999694824219,e563ce82-ba41-4e86-ab04-7962db0bd602
HKQuantityTypeIdentifierBodyMass,Renpho,2,"iPhone14,3",,2023-11-16 07:08:22 +0000,2023-11-16 07:08:22 +0000,kg,96.3499984741211,
HKQuantityTypeIdentifierBodyMass,YAZIO,1680,"iPhone14,3",,2023-11-16 07:08:22 +0000,2023-11-16 07:08:22 +0000,kg,96.3499984741211,09214a49-9f91-484f-8223-d0ee1baef4df
HKQuantityTypeIdentifierBodyMass,Renpho,2,"iPhone14,3",,2023-11-18 07:57:09 +0000,2023-11-18 07:57:09 +0000,kg,97.05000305175781,
HKQuantityTypeIdentifierBodyMass,YAZIO,1680,"iPhone14,3",,2023-11-18 07:57:09 +0000,2023-11-18 07:57:09 +0000,kg,97.05000305175781,104ab9e3-755d-4862-a55d-9797339d93bc
HKQuantityTypeIdentifierBodyMass,Renpho,2,"iPhone14,3",,2023-11-19 09:31:31 +0000,2023-11-19 09:31:31 +0000,kg,96.0999984741211,
HKQuantityTypeIdentifierBodyMass,YAZIO,1680,"iPhone14,3",,2023-11-19 09:31:31 +0000,2023-11-19 09:31:31 +0000,kg,96.0999984741211,c7e4e3c8-044f-497b-9014-e37465cc35d2
HKQuantityTypeIdentifierBodyMass,Renpho,2,"iPhone14,3",,2023-11-21 05:59:00 +0000,2023-11-21 05:59:00 +0000,kg,96.0,
HKQuantityTypeIdentifierBodyMass,YAZIO,1680,"iPhone14,3",,2023-11-21 05:59:00 +0000,2023-11-21 05:59:00 +0000,kg,96.0,ffecb95f-21ca-4c3b-a0e1-b0f22ed73f7e
HKQuantityTypeIdentifierBodyMass,Renpho,2,"iPhone14,3",,2023-11-22 06:16:42 +0000,2023-11-22 06:16:42 +0000,kg,95.75,
HKQuantityTypeIdentifierBodyMass,YAZIO,1685,"iPhone14,3",,2023-11-22 06:16:42 +0000,2023-11-22 06:16:42 +0000,kg,95.75,879a917d-57af-4a37-aaaa-cc1a79d6bc6d
HKQuantityTypeIdentifierBodyMass,Renpho,2,"iPhone14,3",,2023-11-23 05:42:55 +0000,2023-11-23 05:42:55 +0000,kg,94.75,
HKQuantityTypeIdentifierBodyMass,YAZIO,1685,"iPhone14,3",,2023-11-23 05:42:55 +0000,2023-11-23 05:42:55 +0000,kg,94.75,c4921fa0-72a8-441e-b4af-24307407568a
HKQuantityTypeIdentifierBodyMass,Renpho,2,"iPhone14,3",,2023-11-24 08:05:54 +0000,2023-11-24 08:05:54 +0000,kg,95.44999694824219,
HKQuantityTypeIdentifierBodyMass,YAZIO,1685,"iPhone14,3",,2023-11-24 08:05:54 +0000,2023-11-24 08:05:54 +0000,kg,95.44999694824219,a4100dbf-9018-480f-8a11-6672ea134378
HKQuantityTypeIdentifierBodyMass,Renpho,2,"iPhone14,3",,2023-11-25 08:06:16 +0000,2023-11-25 08:06:16 +0000,kg,96.0999984741211,
HKQuantityTypeIdentifierBodyMass,YAZIO,1685,"iPhone14,3",,2023-11-25 08:06:16 +0000,2023-11-25 08:06:16 +0000,kg,96.0999984741211,d96cd70b-7260-49e4-8b93-e57af2948d4f
HKQuantityTypeIdentifierBodyMass,Renpho,2,"iPhone14,3",,2023-11-27 06:31:40 +0000,2023-11-27 06:31:40 +0000,kg,96.5,
HKQuantityTypeIdentifierBodyMass,YAZIO,1685,"iPhone14,3",,2023-11-27 06:31:40 +0000,2023-11-27 06:31:40 +0000,kg,96.5,6038edb2-2c8f-4fbd-ad9a-fb155556fdc8
HKQuantityTypeIdentifierBodyMass,Renpho,2,"iPhone14,3",,2023-11-28 06:11:35 +0000,2023-11-28 06:11:35 +0000,kg,95.9000015258789,
HKQuantityTypeIdentifierBodyMass,YAZIO,1685,"iPhone14,3",,2023-11-28 06:11:35 +0000,2023-11-28 06:11:35 +0000,kg,95.9000015258789,b2323345-5d5f-426d-9681-8dfaf78c7c55
HKQuantityTypeIdentifierBodyMass,Renpho,2,"iPhone14,3",,2023-11-30 06:58:22 +0000,2023-11-30 06:58:22 +0000,kg,96.5,
HKQuantityTypeIdentifierBodyMass,YAZIO,1687,"iPhone14,3",,2023-11-30 06:58:22 +0000,2023-11-30 06:58:22 +0000,kg,96.5,ea2af987-dc87-41f8-abb3-d97a3e0a28e3
HKQuantityTypeIdentifierBodyMass,Renpho,2,"iPhone14,3",,2023-12-01 06:41:26 +0000,2023-12-01 06:41:26 +0000,kg,96.8499984741211,
HKQuantityTypeIdentifierBodyMass,YAZIO,1687,"iPhone14,3",,2023-12-01 06:41:26 +0000,2023-12-01 06:41:26 +0000,kg,96.8499984741211,b4d6ccf9-a5eb-4f49-8248-f204d1e4395a
HKQuantityTypeIdentifierBodyMass,Renpho,2,"iPhone14,3",,2023-12-03 08:58:02 +0000,2023-12-03 08:58:02 +0000,kg,96.4000015258789,
HKQuantityTypeIdentifierBodyMass,YAZIO,1687,"iPhone14,3",,2023-12-03 08:58:02 +0000,2023-12-03 08:58:02 +0000,kg,96.4000015258789,6d8b2817-f858-4960-a466-91dabf9c7b28
HKQuantityTypeIdentifierBodyMass,Renpho,2,"iPhone14,3",,2023-12-04 06:55:17 +0000,2023-12-04 06:55:17 +0000,kg,97.55000305175781,
HKQuantityTypeIdentifierBodyMass,YAZIO,1687,"iPhone14,3",,2023-12-04 06:55:17 +0000,2023-12-04 06:55:17 +0000,kg,97.55000305175781,a952b631-0b38-4041-a5ce-f38515d540a4
HKQuantityTypeIdentifierBodyMass,Renpho,2,"iPhone14,3",,2023-12-05 06:47:54 +0000,2023-12-05 06:47:54 +0000,kg,96.80000305175781,
HKQuantityTypeIdentifierBodyMass,YAZIO,1687,"iPhone14,3",,2023-12-05 06:47:54 +0000,2023-12-05 06:47:54 +0000,kg,96.80000305175781,8bd720f8-bd36-4aff-b46b-c60b485baeed
HKQuantityTypeIdentifierBodyMass,Renpho,2,"iPhone14,3",,2023-12-05 06:48:21 +0000,2023-12-05 06:48:21 +0000,kg,96.80000305175781,
HKQuantityTypeIdentifierBodyMass,YAZIO,1687,"iPhone14,3",,2023-12-05 06:48:21 +0000,2023-12-05 06:48:21 +0000,kg,96.80000305175781,92c7ef1f-dd4c-42a7-8f55-a09f9337da93
HKQuantityTypeIdentifierBodyMass,Renpho,2,"iPhone14,3",,2023-12-08 07:17:25 +0000,2023-12-08 07:17:25 +0000,kg,96.30000305175781,
HKQuantityTypeIdentifierBodyMass,YAZIO,1688,"iPhone14,3",,2023-12-08 07:17:25 +0000,2023-12-08 07:17:25 +0000,kg,96.30000305175781,486545ee-b880-429a-b9ad-385d4b1eec07
HKQuantityTypeIdentifierBodyMass,Renpho,2,"iPhone14,3",,2023-12-08 07:18:06 +0000,2023-12-08 07:18:06 +0000,kg,96.30000305175781,
HKQuantityTypeIdentifierBodyMass,YAZIO,1688,"iPhone14,3",,2023-12-08 07:18:06 +0000,2023-12-08 07:18:06 +0000,kg,96.30000305175781,3b00a0f2-ea73-49ce-9b33-d5a37beb0724
HKQuantityTypeIdentifierBodyMass,Renpho,2,"iPhone14,3",,2023-12-09 08:03:48 +0000,2023-12-09 08:03:48 +0000,kg,97.25,
HKQuantityTypeIdentifierBodyMass,YAZIO,1688,"iPhone14,3",,2023-12-09 08:03:48 +0000,2023-12-09 08:03:48 +0000,kg,97.25,9c2c5945-dd27-4320-b55d-e84a178a1baa
HKQuantityTypeIdentifierBodyMass,Renpho,2,"iPhone14,3",,2023-12-09 08:04:03 +0000,2023-12-09 08:04:03 +0000,kg,97.25,
HKQuantityTypeIdentifierBodyMass,YAZIO,1688,"iPhone14,3",,2023-12-09 08:04:03 +0000,2023-12-09 08:04:03 +0000,kg,97.25,3915a446-d818-4d4f-934d-ab1386ed2fb3
HKQuantityTypeIdentifierBodyMass,Renpho,2,"iPhone14,3",,2023-12-09 08:04:23 +0000,2023-12-09 08:04:23 +0000,kg,97.25,
HKQuantityTypeIdentifierBodyMass,YAZIO,1688,"iPhone14,3",,2023-12-09 08:04:23 +0000,2023-12-09 08:04:23 +0000,kg,97.25,82831e4e-c320-490f-b8b6-37faaa185d60
HKQuantityTypeIdentifierBodyMass,Renpho,2,"iPhone14,3",,2023-12-12 06:12:22 +0000,2023-12-12 06:12:22 +0000,kg,97.1500015258789,
HKQuantityTypeIdentifierBodyMass,YAZIO,1688,"iPhone14,3",,2023-12-12 06:12:22 +0000,2023-12-12 06:12:22 +0000,kg,97.1500015258789,5864a765-f712-4e45-99de-d41c8561c713
HKQuantityTypeIdentifierBodyMass,Renpho,2,"iPhone14,3",,2023-12-13 06:19:43 +0000,2023-12-13 06:19:43 +0000,kg,97.05000305175781,
HKQuantityTypeIdentifierBodyMass,YAZIO,1688,"iPhone14,3",,2023-12-13 06:19:43 +0000,2023-12-13 06:19:43 +0000,kg,97.05000305175781,a5cff1c0-4545-4e51-aee3-7c2d72342d4e
HKQuantityTypeIdentifierBodyMass,Renpho,2,"iPhone14,3",,2023-12-14 06:14:39 +0000,2023-12-14 06:14:39 +0000,kg,96.9000015258789,
HKQuantityTypeIdentifierBodyMass,YAZIO,1693,"iPhone14,3",,2023-12-14 06:14:39 +0000,2023-12-14 06:14:39 +0000,kg,96.9000015258789,706545fb-5cf1-4173-b6c7-787d2f2e6ce1
HKQuantityTypeIdentifierBodyMass,Renpho,2,"iPhone14,3",,2023-12-16 08:52:51 +0000,2023-12-16 08:52:51 +0000,kg,97.1500015258789,
HKQuantityTypeIdentifierBodyMass,YAZIO,1693,"iPhone14,3",,2023-12-16 08:52:51 +0000,2023-12-16 08:52:51 +0000,kg,97.1500015258789,825b848a-7d2a-4ccd-bbe0-e958b478f73d
HKQuantityTypeIdentifierBodyMass,Renpho,2,"iPhone14,3",,2023-12-17 08:35:37 +0000,2023-12-17 08:35:37 +0000,kg,97.44999694824219,
HKQuantityTypeIdentifierBodyMass,YAZIO,1693,"iPhone14,3",,2023-12-17 08:35:37 +0000,2023-12-17 08:35:37 +0000,kg,97.44999694824219,ceda54ce-a9f4-4c67-ba74-4eb5299c9b33
HKQuantityTypeIdentifierBodyMass,Renpho,2,"iPhone14,3",,2023-12-19 07:31:42 +0000,2023-12-19 07:31:42 +0000,kg,97.80000305175781,
HKQuantityTypeIdentifierBodyMass,YAZIO,1693,"iPhone14,3",,2023-12-19 07:31:42 +0000,2023-12-19 07:31:42 +0000,kg,97.80000305175781,671bd7cb-6414-48b3-bbc3-4d990df9fc08
HKQuantityTypeIdentifierBodyMass,Renpho,2,"iPhone14,3",,2023-12-20 06:51:52 +0000,2023-12-20 06:51:52 +0000,kg,97.44999694824219,
HKQuantityTypeIdentifierBodyMass,YAZIO,1693,"iPhone14,3",,2023-12-20 06:51:52 +0000,2023-12-20 06:51:52 +0000,kg,97.44999694824219,10cec6ec-c8a1-4933-a5c5-2fa99f21a0fd
HKQuantityTypeIdentifierBodyMass,Renpho,1,"iPhone14,3",,2023-12-21 07:26:49 +0000,2023-12-21 07:26:49 +0000,kg,97.3499984741211,
HKQuantityTypeIdentifierBodyMass,YAZIO,1698,"iPhone14,3",,2023-12-21 07:26:49 +0000,2023-12-21 07:26:49 +0000,kg,97.3499984741211,a6584c82-a29e-4ec8-a889-f3875136dc5f
HKQuantityTypeIdentifierBodyMass,Renpho,1,"iPhone14,3",,2023-12-22 10:41:02 +0000,2023-12-22 10:41:02 +0000,kg,97.0,
HKQuantityTypeIdentifierBodyMass,YAZIO,1699,"iPhone14,3",,2023-12-22 10:41:02 +0000,2023-12-22 10:41:02 +0000,kg,97.0,a43c890e-e04b-41bb-957f-48b3ef433c64
HKQuantityTypeIdentifierBodyMass,Renpho,1,"iPhone14,3",,2023-12-23 09:20:56 +0000,2023-12-23 09:20:56 +0000,kg,98.0,
HKQuantityTypeIdentifierBodyMass,YAZIO,1699,"iPhone14,3",,2023-12-23 09:20:56 +0000,2023-12-23 09:20:56 +0000,kg,98.0,a7c8b331-6280-4c5c-bf6a-dcf3003aa5c9
HKQuantityTypeIdentifierBodyMass,Renpho,1,"iPhone14,3",,2023-12-24 07:17:49 +0000,2023-12-24 07:17:49 +0000,kg,97.6500015258789,
HKQuantityTypeIdentifierBodyMass,YAZIO,1699,"iPhone14,3",,2023-12-24 07:17:49 +0000,2023-12-24 07:17:49 +0000,kg,97.6500015258789,3a3c82ed-0cca-4bc0-ad5d-c0ed40f18f8e
HKQuantityTypeIdentifierBodyMass,Renpho,1,"iPhone14,3",,2023-12-25 07:58:05 +0000,2023-12-25 07:58:05 +0000,kg,96.9000015258789,
HKQuantityTypeIdentifierBodyMass,YAZIO,1699,"iPhone14,3",,2023-12-25 07:58:05 +0000,2023-12-25 07:58:05 +0000,kg,96.9000015258789,d1ffe90f-ac43-4986-be03-fb523222346c
HKQuantityTypeIdentifierBodyMass,Renpho,1,"iPhone14,3",,2023-12-26 10:06:27 +0000,2023-12-26 10:06:27 +0000,kg,96.19999694824219,
HKQuantityTypeIdentifierBodyMass,YAZIO,1699,"iPhone14,3",,2023-12-26 10:06:27 +0000,2023-12-26 10:06:27 +0000,kg,96.19999694824219,7a8ebad8-71b2-46d0-bef4-d98fbfd11491
HKQuantityTypeIdentifierBodyMass,Renpho,1,"iPhone14,3",,2023-12-30 09:47:58 +0000,2023-12-30 09:47:58 +0000,kg,95.6500015258789,
HKQuantityTypeIdentifierBodyMass,YAZIO,1699,"iPhone14,3",,2023-12-30 09:47:58 +0000,2023-12-30 09:47:58 +0000,kg,95.6500015258789,d5979edb-2a07-4b60-a546-894968cf30b8
HKQuantityTypeIdentifierBodyMass,Renpho,1,"iPhone14,3",,2024-01-02 09:34:36 +0000,2024-01-02 09:34:36 +0000,kg,96.55000305175781,
HKQuantityTypeIdentifierBodyMass,YAZIO,1699,"iPhone14,3",,2024-01-02 09:34:36 +0000,2024-01-02 09:34:36 +0000,kg,96.55000305175781,695390c1-ee9e-478a-b89c-9cb8534226af
HKQuantityTypeIdentifierBodyMass,Renpho,1,"iPhone14,3",,2024-01-03 07:51:05 +0000,2024-01-03 07:51:05 +0000,kg,96.6500015258789,
HKQuantityTypeIdentifierBodyMass,YAZIO,1699,"iPhone14,3",,2024-01-03 07:51:05 +0000,2024-01-03 07:51:05 +0000,kg,96.6500015258789,ef66d474-ffec-447c-94c3-598e09bd1dda
HKQuantityTypeIdentifierBodyMass,Renpho,1,"iPhone14,3",,2024-01-08 06:36:20 +0000,2024-01-08 06:36:20 +0000,kg,97.6500015258789,
HKQuantityTypeIdentifierBodyMass,YAZIO,1699,"iPhone14,3",,2024-01-08 06:36:20 +0000,2024-01-08 06:36:20 +0000,kg,97.6500015258789,47eef80f-6d09-49fd-b1d9-25660cb29105
HKQuantityTypeIdentifierBodyMass,Renpho,1,"iPhone14,3",,2024-01-09 08:00:43 +0000,2024-01-09 08:00:43 +0000,kg,97.0999984741211,
HKQuantityTypeIdentifierBodyMass,YAZIO,1699,"iPhone14,3",,2024-01-09 08:00:43 +0000,2024-01-09 08:00:43 +0000,kg,97.0999984741211,93b867da-4146-42cf-97f2-d5d7ef80615f
HKQuantityTypeIdentifierBodyMass,Renpho,1,"iPhone14,3",,2024-01-16 07:09:29 +0000,2024-01-16 07:09:29 +0000,kg,97.0,
HKQuantityTypeIdentifierBodyMass,YAZIO,1699,"iPhone14,3",,2024-01-16 07:09:29 +0000,2024-01-16 07:09:29 +0000,kg,97.0,3f464ec0-3309-4ea2-b34f-daf1f38efc21
HKQuantityTypeIdentifierBodyMass,Renpho,1,"iPhone14,3",,2024-01-17 07:54:10 +0000,2024-01-17 07:54:10 +0000,kg,96.9000015258789,
HKQuantityTypeIdentifierBodyMass,YAZIO,1699,"iPhone14,3",,2024-01-17 07:54:10 +0000,2024-01-17 07:54:10 +0000,kg,96.9000015258789,6836a142-ba27-4ccf-8d00-41e79dfda65b
HKQuantityTypeIdentifierBodyMass,Renpho,1,"iPhone14,3",,2024-01-18 06:10:07 +0000,2024-01-18 06:10:07 +0000,kg,96.69999694824219,
HKQuantityTypeIdentifierBodyMass,YAZIO,1699,"iPhone14,3",,2024-01-18 06:10:07 +0000,2024-01-18 06:10:07 +0000,kg,96.69999694824219,a490e136-1017-49a0-b01b-0afb1ee39d7b
HKQuantityTypeIdentifierBodyMass,Renpho,1,"iPhone14,3",,2024-01-19 06:55:19 +0000,2024-01-19 06:55:19 +0000,kg,97.3499984741211,
HKQuantityTypeIdentifierBodyMass,YAZIO,1699,"iPhone14,3",,2024-01-19 06:55:19 +0000,2024-01-19 06:55:19 +0000,kg,97.3499984741211,22451226-6660-4580-9270-ae2ac072d6d8
HKQuantityTypeIdentifierBodyMass,Renpho,1,"iPhone14,3",,2024-01-20 09:47:57 +0000,2024-01-20 09:47:57 +0000,kg,97.1500015258789,
HKQuantityTypeIdentifierBodyMass,YAZIO,1699,"iPhone14,3",,2024-01-20 09:47:57 +0000,2024-01-20 09:47:57 +0000,kg,97.1500015258789,9566e36f-81ae-4750-947b-9b02a625fa50
HKQuantityTypeIdentifierBodyMass,Renpho,1,"iPhone14,3",,2024-01-21 09:29:38 +0000,2024-01-21 09:29:38 +0000,kg,97.25,
HKQuantityTypeIdentifierBodyMass,YAZIO,1699,"iPhone14,3",,2024-01-21 09:29:38 +0000,2024-01-21 09:29:38 +0000,kg,97.25,2cb96487-067a-42d7-acb4-3434cbbd646a
HKQuantityTypeIdentifierBodyMass,Renpho,1,"iPhone14,3",,2024-01-22 06:41:45 +0000,2024-01-22 06:41:45 +0000,kg,98.19999694824219,
HKQuantityTypeIdentifierBodyMass,YAZIO,1699,"iPhone14,3",,2024-01-22 06:41:45 +0000,2024-01-22 06:41:45 +0000,kg,98.19999694824219,724cacf9-6b16-4326-814c-f021495f0154
HKQuantityTypeIdentifierBodyMass,Renpho,1,"iPhone14,3",,2024-01-23 07:23:50 +0000,2024-01-23 07:23:50 +0000,kg,97.6500015258789,
HKQuantityTypeIdentifierBodyMass,YAZIO,1699,"iPhone14,3",,2024-01-23 07:23:50 +0000,2024-01-23 07:23:50 +0000,kg,97.6500015258789,780428c8-a693-4f40-a6a1-aedbe2b25e38
HKQuantityTypeIdentifierBodyMass,Renpho,1,"iPhone14,3",,2024-01-24 06:38:41 +0000,2024-01-24 06:38:41 +0000,kg,97.9000015258789,
HKQuantityTypeIdentifierBodyMass,YAZIO,1719,"iPhone14,3",,2024-01-24 06:38:41 +0000,2024-01-24 06:38:41 +0000,kg,97.9000015258789,73fd5dc2-f4fb-4222-bb95-792c64eae43f
HKQuantityTypeIdentifierBodyMass,Renpho,1,"iPhone14,3",,2024-01-25 07:57:22 +0000,2024-01-25 07:57:22 +0000,kg,98.5,
HKQuantityTypeIdentifierBodyMass,YAZIO,1719,"iPhone14,3",,2024-01-25 07:57:22 +0000,2024-01-25 07:57:22 +0000,kg,98.5,ce42bb7a-80c2-4109-a3f0-99001e444084
HKQuantityTypeIdentifierBodyMass,Renpho,1,"iPhone14,3",,2024-01-26 07:28:19 +0000,2024-01-26 07:28:19 +0000,kg,98.19999694824219,
HKQuantityTypeIdentifierBodyMass,YAZIO,1719,"iPhone14,3",,2024-01-26 07:28:19 +0000,2024-01-26 07:28:19 +0000,kg,98.19999694824219,f92b9690-e635-4912-b6ff-be9eb9360c39
HKQuantityTypeIdentifierBodyMass,Renpho,1,"iPhone14,3",,2024-01-27 09:09:44 +0000,2024-01-27 09:09:44 +0000,kg,97.80000305175781,
HKQuantityTypeIdentifierBodyMass,YAZIO,1719,"iPhone14,3",,2024-01-27 09:09:44 +0000,2024-01-27 09:09:44 +0000,kg,97.80000305175781,5d8c4b39-3acb-4fbe-bd11-776033754bb0
HKQuantityTypeIdentifierBodyMass,Renpho,1,"iPhone14,3",,2024-01-28 09:52:47 +0000,2024-01-28 09:52:47 +0000,kg,97.9000015258789,
HKQuantityTypeIdentifierBodyMass,YAZIO,1719,"iPhone14,3",,2024-01-28 09:52:47 +0000,2024-01-28 09:52:47 +0000,kg,97.9000015258789,ab7c288e-2542-4578-8b7d-063a9b2afeb5
HKQuantityTypeIdentifierBodyMass,Renpho,1,"iPhone14,3",,2024-01-28 09:53:02 +0000,2024-01-28 09:53:02 +0000,kg,97.9000015258789,
HKQuantityTypeIdentifierBodyMass,YAZIO,1719,"iPhone14,3",,2024-01-28 09:53:02 +0000,2024-01-28 09:53:02 +0000,kg,97.9000015258789,046a1df1-f94c-47eb-92a2-888f360493f9
HKQuantityTypeIdentifierBodyMass,Renpho,1,"iPhone14,3",,2024-01-30 07:04:57 +0000,2024-01-30 07:04:57 +0000,kg,98.5,
HKQuantityTypeIdentifierBodyMass,YAZIO,1719,"iPhone14,3",,2024-01-30 07:04:57 +0000,2024-01-30 07:04:57 +0000,kg,98.5,c0d9ce28-cc98-41e2-87cc-89f439e045f8
HKQuantityTypeIdentifierBodyMass,Renpho,1,"iPhone14,3",,2024-01-31 06:37:53 +0000,2024-01-31 06:37:53 +0000,kg,99.1500015258789,
HKQuantityTypeIdentifierBodyMass,YAZIO,1719,"iPhone14,3",,2024-01-31 06:37:53 +0000,2024-01-31 06:37:53 +0000,kg,99.1500015258789,d4552e97-6e66-4729-b9a2-407b3ddcd904
HKQuantityTypeIdentifierBodyMass,Renpho,1,"iPhone14,3",,2024-02-02 07:10:06 +0000,2024-02-02 07:10:06 +0000,kg,97.8499984741211,
HKQuantityTypeIdentifierBodyMass,YAZIO,1719,"iPhone14,3",,2024-02-02 07:10:06 +0000,2024-02-02 07:10:06 +0000,kg,97.8499984741211,402df025-565a-448b-88f9-7ffc34c04794
HKQuantityTypeIdentifierBodyMass,Renpho,1,"iPhone14,3",,2024-02-03 10:13:17 +0000,2024-02-03 10:13:17 +0000,kg,98.30000305175781,
HKQuantityTypeIdentifierBodyMass,YAZIO,1719,"iPhone14,3",,2024-02-03 10:13:17 +0000,2024-02-03 10:13:17 +0000,kg,98.30000305175781,b8391a57-ede4-4fe2-93eb-b8bc1d3291a1
HKQuantityTypeIdentifierBodyMass,Renpho,1,"iPhone14,3",,2024-02-05 06:49:27 +0000,2024-02-05 06:49:27 +0000,kg,97.94999694824219,
HKQuantityTypeIdentifierBodyMass,YAZIO,1719,"iPhone14,3",,2024-02-05 06:49:27 +0000,2024-02-05 06:49:27 +0000,kg,97.94999694824219,e4f5bdad-7c0b-422f-a1c0-3fcc4daf080e
HKQuantityTypeIdentifierBodyMass,Renpho,1,"iPhone14,3",,2024-02-06 07:26:48 +0000,2024-02-06 07:26:48 +0000,kg,98.19999694824219,
HKQuantityTypeIdentifierBodyMass,YAZIO,1726,"iPhone14,3",,2024-02-06 07:26:48 +0000,2024-02-06 07:26:48 +0000,kg,98.19999694824219,f0196c31-fc47-4e33-afae-2eb9d0988ff9
HKQuantityTypeIdentifierBodyMass,Renpho,1,"iPhone14,3",,2024-02-07 05:47:51 +0000,2024-02-07 05:47:51 +0000,kg,98.55000305175781,
HKQuantityTypeIdentifierBodyMass,YAZIO,1726,"iPhone14,3",,2024-02-07 05:47:51 +0000,2024-02-07 05:47:51 +0000,kg,98.55000305175781,ad4ea752-ce11-49e5-a97a-c3238a2497ff
HKQuantityTypeIdentifierBodyMass,Renpho,1,"iPhone14,3",,2024-02-08 06:37:11 +0000,2024-02-08 06:37:11 +0000,kg,98.4000015258789,
HKQuantityTypeIdentifierBodyMass,YAZIO,1727,"iPhone14,3",,2024-02-08 06:37:11 +0000,2024-02-08 06:37:11 +0000,kg,98.4000015258789,f93b9a8e-47c6-40d2-baae-6f73b396548a
HKQuantityTypeIdentifierBodyMass,Renpho,1,"iPhone14,3",,2024-02-09 06:40:59 +0000,2024-02-09 06:40:59 +0000,kg,98.30000305175781,
HKQuantityTypeIdentifierBodyMass,YAZIO,1727,"iPhone14,3",,2024-02-09 06:40:59 +0000,2024-02-09 06:40:59 +0000,kg,98.30000305175781,fe794ec8-2302-4e30-9c99-7a3cf15db9ed
